results,votes,rating,service,countyState,fips
1,13,1,Preschools,"Franklin County, MS",28037
1,13,1,Preschools,"Lincoln County, MS",28085
5,19,1.7,Preschools,"Claiborne County, MS",28021
4,18,1.88,Preschools,"Jefferson County, MS",28063
8,10,2,Preschools,"Allen Parish, LA",22003
10,17,2,Preschools,"Evangeline Parish, LA",22039
8,12,2.06,Preschools,"Craighead County, AR",5031
7,13,2.14,Preschools,"Acadia Parish, LA",22001
7,13,2.14,Preschools,"Lafayette Parish, LA",22055
7,13,2.14,Preschools,"St. Landry Parish, LA",22097
7,13,2.14,Preschools,"Vermilion Parish, LA",22113
17,30,2.15,Preschools,"Taliaferro County, GA",13265
11,17,2.18,Preschools,"Clarke County, GA",13059
17,31,2.18,Preschools,"Wilkes County, GA",13317
7,14,2.21,Preschools,"Seminole County, OK",40133
2,33,2.25,Preschools,"Erie County, PA",42049
14,20,2.25,Preschools,"Coke County, TX",48081
16,30,2.25,Preschools,"Warren County, GA",13301
11,13,2.27,Preschools,"Sussex County, DE",10005
9,12,2.28,Preschools,"Hardy County, WV",54031
8,27,2.38,Preschools,"Tattnall County, GA",13267
12,15,2.38,Preschools,"Morgan County, OH",39115
13,24,2.38,Preschools,"Burke County, GA",13033
13,24,2.38,Preschools,"Columbia County, GA",13073
13,24,2.38,Preschools,"Lincoln County, GA",13181
13,24,2.38,Preschools,"McDuffie County, GA",13189
13,24,2.38,Preschools,"Richmond County, GA",13245
14,17,2.39,Preschools,"Pope County, AR",5115
5,10,2.4,Preschools,"Norton, VA",51720
5,10,2.4,Preschools,"Russell County, VA",51167
5,10,2.4,Preschools,"Scott County, VA",51169
10,20,2.4,Preschools,"Dade County, GA",13083
12,17,2.42,Preschools,"Gregg County, TX",48183
12,17,2.42,Preschools,"Upshur County, TX",48459
20,26,2.42,Preschools,"Tuscarawas County, OH",39157
7,12,2.43,Preschools,"Tippah County, MS",28139
15,21,2.43,Preschools,"Runnels County, TX",48399
8,11,2.44,Preschools,"Mineral County, WV",54057
10,14,2.45,Preschools,"Sullivan County, PA",42113
11,16,2.45,Preschools,"Rusk County, TX",48401
11,19,2.45,Preschools,"Susquehanna County, PA",42115
11,30,2.45,Preschools,"Copiah County, MS",28029
11,30,2.45,Preschools,"Hinds County, MS",28049
11,30,2.45,Preschools,"Madison County, MS",28089
11,30,2.45,Preschools,"Warren County, MS",28149
16,19,2.47,Preschools,"Garland County, AR",5051
5,12,2.5,Preschools,"Screven County, GA",13251
7,10,2.5,Preschools,"Cherokee County, TX",48073
11,21,2.5,Preschools,"Bradford County, PA",42015
15,25,2.53,Preschools,"St. Mary Parish, LA",22101
10,17,2.55,Preschools,"Glasscock County, TX",48173
10,17,2.55,Preschools,"Howard County, TX",48227
10,17,2.55,Preschools,"Reagan County, TX",48383
11,15,2.55,Preschools,"Sioux County, IA",19167
11,16,2.55,Preschools,"Camp County, TX",48063
14,25,2.57,Preschools,"Jefferson County, GA",13163
14,25,2.57,Preschools,"McCormick County, SC",45065
6,23,2.58,Preschools,"Candler County, GA",13043
10,17,2.6,Preschools,"Sharkey County, MS",28125
10,17,2.6,Preschools,"Yazoo County, MS",28163
10,29,2.6,Preschools,"Rankin County, MS",28121
10,29,2.6,Preschools,"Scott County, MS",28123
8,12,2.63,Preschools,"Chattahoochee County, GA",13053
8,12,2.63,Preschools,"Colonial Heights, VA",51570
8,12,2.63,Preschools,"Trempealeau County, WI",55121
8,12,2.63,Preschools,"Yankton County, SD",46135
12,15,2.63,Preschools,"Oconto County, WI",55083
16,21,2.63,Preschools,"Hot Spring County, AR",5059
14,30,2.64,Preschools,"Crockett County, TN",47033
16,32,2.66,Preschools,"Allendale County, SC",45005
6,21,2.67,Preschools,"Pueblo County, CO",8101
9,13,2.67,Preschools,"Lake County, SD",46079
9,13,2.67,Preschools,"Lincoln County, SD",46083
9,13,2.67,Preschools,"Turner County, SD",46125
14,17,2.68,Preschools,"Menominee County, WI",55078
8,12,2.69,Preschools,"Carbon County, MT",30009
8,12,2.69,Preschools,"Yellowstone County, MT",30111
13,27,2.69,Preschools,"Cherokee County, AL",1019
18,28,2.69,Preschools,"Gallatin County, KY",21077
5,13,2.7,Preschools,"Pierce County, GA",13229
5,19,2.7,Preschools,"Custer County, CO",8027
10,14,2.7,Preschools,"Lyon County, IA",19119
10,16,2.7,Preschools,"Lee County, AL",1081
20,31,2.7,Preschools,"Coshocton County, OH",39031
7,10,2.71,Preschools,"Gallia County, OH",39053
7,13,2.71,Preschools,"Hancock County, GA",13141
7,14,2.71,Preschools,"Issaquena County, MS",28055
20,32,2.73,Preschools,"Iberia Parish, LA",22045
20,37,2.73,Preschools,"Edgefield County, SC",45037
4,11,2.75,Preschools,"Appling County, GA",13001
4,11,2.75,Preschools,"Toombs County, GA",13279
4,16,2.75,Preschools,"Covington County, MS",28031
8,11,2.75,Preschools,"Wicomico County, MD",24045
8,18,2.75,Preschools,"Pottawatomie County, KS",20149
8,18,2.75,Preschools,"Sequatchie County, TN",47153
8,18,2.75,Preschools,"Wabaunsee County, KS",20197
10,15,2.75,Preschools,"St. James Parish, LA",22093
10,20,2.75,Preschools,"Washington County, GA",13303
9,13,2.78,Preschools,"Montour County, PA",42093
9,16,2.78,Preschools,"Leake County, MS",28079
7,11,2.79,Preschools,"Daviess County, KY",21059
7,11,2.79,Preschools,"Henderson County, KY",21101
7,11,2.79,Preschools,"McLean County, KY",21149
7,11,2.79,Preschools,"Webster County, KY",21233
10,16,2.8,Preschools,"Marion County, GA",13197
10,24,2.8,Preschools,"Marion County, TN",47115
20,36,2.8,Preschools,"Barnwell County, SC",45011
13,29,2.81,Preschools,"Cleburne County, AL",1029
19,39,2.82,Preschools,"Sumter County, SC",45085
3,34,2.83,Preschools,"Warren County, PA",42123
6,13,2.83,Preschools,"Bristol, VA",51520
6,13,2.83,Preschools,"Washington County, VA",51191
12,21,2.83,Preschools,"Petersburg, VA",51730
12,26,2.83,Preschools,"Union County, MS",28145
15,23,2.83,Preschools,"Florence County, SC",45041
10,19,2.85,Preschools,"Horry County, SC",45051
13,27,2.85,Preschools,"Glascock County, GA",13125
20,25,2.85,Preschools,"Conway County, AR",5029
20,25,2.85,Preschools,"Jefferson County, AR",5069
20,25,2.85,Preschools,"White County, AR",5145
20,31,2.85,Preschools,"Wyoming County, PA",42131
7,11,2.86,Preschools,"Jackson County, WI",55053
11,23,2.86,Preschools,"Marion County, KS",20115
14,24,2.86,Preschools,"Andrews County, TX",48003
14,24,2.86,Preschools,"Crane County, TX",48103
14,24,2.86,Preschools,"Ector County, TX",48135
14,24,2.86,Preschools,"Martin County, TX",48317
14,24,2.86,Preschools,"Midland County, TX",48329
14,24,2.86,Preschools,"Upton County, TX",48461
8,14,2.88,Preschools,"Monroe County, IA",19135
8,19,2.88,Preschools,"Haralson County, GA",13143
13,35,2.88,Preschools,"Evans County, GA",13109
20,35,2.88,Preschools,"Ohio County, IN",18115
9,13,2.89,Preschools,"Quitman County, GA",13239
10,14,2.9,Preschools,"McCook County, SD",46087
10,14,2.9,Preschools,"Minnehaha County, SD",46099
10,14,2.9,Preschools,"Moody County, SD",46101
11,15,2.91,Preschools,"Pipestone County, MN",27117
11,15,2.91,Preschools,"Rock County, MN",27133
11,16,2.91,Preschools,"Smith County, TX",48423
11,17,2.91,Preschools,"Muscogee County, GA",13215
11,17,2.91,Preschools,"Russell County, AL",1113
11,18,2.91,Preschools,"Garvin County, OK",40049
11,19,2.91,Preschools,"Palo Pinto County, TX",48363
6,19,2.92,Preschools,"Winona County, MN",27169
12,31,2.92,Preschools,"Simpson County, MS",28127
13,19,2.92,Preschools,"Wood County, TX",48499
20,34,2.92,Preschools,"Aiken County, SC",45003
20,41,2.92,Preschools,"Lee County, SC",45061
7,12,2.93,Preschools,"Bamberg County, SC",45009
7,18,2.93,Preschools,"Gallatin County, MT",30031
7,18,2.93,Preschools,"Park County, MT",30067
15,28,2.93,Preschools,"Union County, IA",19175
8,11,2.94,Preschools,"Anderson County, TX",48001
8,14,2.94,Preschools,"Kingman County, KS",20095
16,26,2.94,Preschools,"Oconee County, GA",13219
16,35,2.94,Preschools,"Warren County, VA",51187
10,13,2.95,Preschools,"Hampshire County, WV",54027
10,21,2.95,Preschools,"Glynn County, GA",13127
11,17,2.95,Preschools,"Bibb County, GA",13021
20,24,2.95,Preschools,"Faulkner County, AR",5045
20,24,2.95,Preschools,"Perry County, AR",5105
20,40,2.95,Preschools,"Doï¿½a Ana County, NM",35013
20,59,2.95,Preschools,"Hamilton County, TX",48193
12,20,2.96,Preschools,"Marion County, SC",45067
19,28,2.97,Preschools,"Columbia County, PA",42037
19,41,2.97,Preschools,"Chambers County, AL",1017
20,47,2.98,Preschools,"Henderson County, TX",48213
5,10,3,Preschools,"Lavaca County, TX",48285
6,10,3,Preschools,"Union County, IN",18161
7,11,3,Preschools,"Missoula County, MT",30063
7,17,3,Preschools,"Catoosa County, GA",13047
7,17,3,Preschools,"Hamilton County, TN",47065
7,17,3,Preschools,"Lyon County, KS",20111
7,17,3,Preschools,"Van Buren County, TN",47175
7,20,3,Preschools,"Dodge County, MN",27039
10,12,3,Preschools,"Hart County, KY",21099
12,19,3,Preschools,"Taylor County, GA",13269
16,27,3,Preschools,"Talbot County, GA",13263
20,25,3,Preschools,"Lonoke County, AR",5085
20,39,3,Preschools,"Shenandoah County, VA",51171
20,36,3.02,Preschools,"Madison County, IA",19121
15,20,3.03,Preschools,"Somerset County, MD",24039
12,19,3.04,Preschools,"St. Francis County, AR",5123
12,24,3.04,Preschools,"Calhoun County, AL",1015
14,36,3.04,Preschools,"Wayne County, GA",13305
10,14,3.05,Preschools,"Ohio County, KY",21183
10,16,3.05,Preschools,"Lafayette County, MS",28071
10,18,3.05,Preschools,"Reno County, KS",20155
20,25,3.05,Preschools,"Grant County, AR",5053
20,30,3.05,Preschools,"Elbert County, GA",13105
20,33,3.05,Preschools,"Hart County, GA",13147
20,34,3.05,Preschools,"Okfuskee County, OK",40107
9,12,3.06,Preschools,"Callahan County, TX",48059
9,12,3.06,Preschools,"Fisher County, TX",48151
9,12,3.06,Preschools,"Jones County, TX",48253
9,12,3.06,Preschools,"Nolan County, TX",48353
9,12,3.06,Preschools,"Shackelford County, TX",48417
9,12,3.06,Preschools,"Taylor County, TX",48441
16,29,3.06,Preschools,"Clarke County, IA",19039
16,29,3.06,Preschools,"Lucas County, IA",19117
6,10,3.08,Preschools,"Hancock County, KY",21091
6,10,3.08,Preschools,"Hopkins County, KY",21107
6,10,3.08,Preschools,"Posey County, IN",18129
6,10,3.08,Preschools,"Spencer County, IN",18147
6,10,3.08,Preschools,"Vanderburgh County, IN",18163
6,10,3.08,Preschools,"Warrick County, IN",18173
12,33,3.08,Preschools,"Jefferson Parish, LA",22051
13,20,3.08,Preschools,"Christian County, KY",21047
13,22,3.08,Preschools,"Cross County, AR",5037
19,27,3.08,Preschools,"Oglethorpe County, GA",13221
20,24,3.08,Preschools,"Saline County, AR",5125
20,39,3.08,Preschools,"Brunswick County, VA",51025
11,18,3.09,Preschools,"Smith County, MS",28129
11,21,3.09,Preschools,"Perry County, IN",18123
10,14,3.1,Preschools,"Barbour County, AL",1005
10,20,3.1,Preschools,"Tuscola County, MI",26157
20,25,3.1,Preschools,"Pulaski County, AR",5119
20,35,3.1,Preschools,"Greene County, IA",19073
18,24,3.11,Preschools,"Jennings County, IN",18079
13,15,3.12,Preschools,"Prairie County, AR",5117
13,17,3.12,Preschools,"Harrison County, OH",39067
13,22,3.12,Preschools,"Humphreys County, TN",47085
8,13,3.13,Preschools,"Ashe County, NC",37009
20,39,3.13,Preschools,"Boone County, KY",21015
7,14,3.14,Preschools,"Johnson County, TN",47091
7,14,3.14,Preschools,"Sullivan County, TN",47163
7,15,3.14,Preschools,"Hampton County, SC",45049
11,15,3.14,Preschools,"Buchanan County, IA",19019
10,12,3.15,Preschools,"Campbell County, VA",51031
13,20,3.15,Preschools,"Schley County, GA",13249
20,33,3.15,Preschools,"Athens County, OH",39009
20,34,3.15,Preschools,"Unicoi County, TN",47171
19,26,3.16,Preschools,"Kewaunee County, WI",55061
9,11,3.17,Preschools,"Muhlenberg County, KY",21177
9,13,3.17,Preschools,"Allegany County, MD",24001
12,22,3.17,Preschools,"Guthrie County, IA",19077
18,29,3.17,Preschools,"Harris County, GA",13145
20,28,3.17,Preschools,"Shawano County, WI",55115
20,39,3.17,Preschools,"Greene County, GA",13133
11,11,3.18,Preschools,"Refugio County, TX",48391
14,23,3.18,Preschools,"Watauga County, NC",37189
8,10,3.19,Preschools,"Delaware County, IA",19055
8,10,3.19,Preschools,"Morris County, TX",48343
13,23,3.19,Preschools,"Winchester, VA",51840
18,24,3.19,Preschools,"Sandusky County, OH",39143
5,10,3.2,Preschools,"Hopewell, VA",51670
10,16,3.2,Preschools,"Benton County, TN",47005
10,20,3.2,Preschools,"Chase County, KS",20017
10,24,3.2,Preschools,"Bureau County, IL",17011
15,22,3.2,Preschools,"Bullock County, AL",1011
20,34,3.2,Preschools,"Marion County, IA",19125
20,34,3.2,Preschools,"Warren County, IA",19181
7,11,3.21,Preschools,"Gibson County, IN",18051
7,11,3.21,Preschools,"Meeker County, MN",27093
7,11,3.21,Preschools,"Union County, KY",21225
7,11,3.21,Preschools,"Wabash County, IL",17185
7,14,3.21,Preschools,"McIntosh County, OK",40091
7,18,3.21,Preschools,"Mower County, MN",27099
16,31,3.22,Preschools,"Butler County, KS",20015
16,31,3.22,Preschools,"Harvey County, KS",20079
16,31,3.22,Preschools,"Sedgwick County, KS",20173
16,38,3.22,Preschools,"Hardeman County, TN",47069
13,19,3.23,Preschools,"Stewart County, GA",13259
20,40,3.23,Preschools,"Grundy County, TN",47061
17,28,3.24,Preschools,"Muskingum County, OH",39119
17,32,3.24,Preschools,"Emporia, VA",51595
6,12,3.25,Preschools,"Quitman County, MS",28119
6,13,3.25,Preschools,"Smyth County, VA",51173
8,18,3.25,Preschools,"Bledsoe County, TN",47007
12,22,3.25,Preschools,"Bay County, FL",12005
12,22,3.25,Preschools,"Washington County, FL",12133
14,21,3.25,Preschools,"Lee County, AR",5077
14,25,3.25,Preschools,"Fentress County, TN",47049
17,23,3.26,Preschools,"Henry County, OH",39069
17,23,3.26,Preschools,"Wood County, OH",39173
11,15,3.27,Preschools,"Webster County, GA",13307
11,21,3.27,Preschools,"Adair County, IA",19001
15,30,3.27,Preschools,"Houston County, TN",47083
20,34,3.27,Preschools,"Boone County, IA",19015
20,44,3.27,Preschools,"Highlands County, FL",12055
20,47,3.27,Preschools,"Lexington County, SC",45063
9,15,3.28,Preschools,"Hardin County, IA",19083
9,16,3.28,Preschools,"Washington County, UT",49053
9,17,3.28,Preschools,"Sanilac County, MI",26151
7,10,3.29,Preschools,"Terrell County, GA",13273
7,12,3.29,Preschools,"Jefferson County, NE",31095
12,16,3.29,Preschools,"Black Hawk County, IA",19013
5,10,3.3,Preschools,"Trousdale County, TN",47169
15,21,3.3,Preschools,"Morgan County, AL",1103
20,29,3.3,Preschools,"Henry County, MO",29083
20,34,3.3,Preschools,"Jones County, GA",13169
20,38,3.3,Preschools,"Dauphin County, PA",42043
20,43,3.3,Preschools,"Cache County, UT",49005
8,13,3.31,Preschools,"Dubois County, IN",18037
8,15,3.31,Preschools,"Harper County, KS",20077
8,16,3.31,Preschools,"Washington County, TN",47179
17,21,3.32,Preschools,"Butler County, KY",21031
17,39,3.32,Preschools,"Bulloch County, GA",13031
3,15,3.33,Preschools,"Jefferson Davis County, MS",28065
3,15,3.33,Preschools,"Lawrence County, MS",28077
6,10,3.33,Preschools,"Granite County, MT",30039
9,19,3.33,Preschools,"Bradley County, TN",47011
12,19,3.33,Preschools,"Stewart County, TN",47161
12,19,3.33,Preschools,"Trigg County, KY",21221
15,28,3.33,Preschools,"DeKalb County, AL",1049
20,35,3.33,Preschools,"Dallas County, IA",19049
20,51,3.33,Preschools,"Terrebonne Parish, LA",22109
16,25,3.34,Preschools,"Marshall County, AL",1095
10,14,3.35,Preschools,"Carteret County, NC",37031
10,15,3.35,Preschools,"Monroe County, KY",21171
13,20,3.35,Preschools,"Gage County, NE",31067
13,20,3.35,Preschools,"Johnson County, NE",31097
13,20,3.35,Preschools,"Saline County, NE",31151
20,28,3.35,Preschools,"Butts County, GA",13035
20,40,3.35,Preschools,"Abbeville County, SC",45001
7,12,3.36,Preschools,"Calhoun County, FL",12013
7,12,3.36,Preschools,"Des Moines County, IA",19057
7,12,3.36,Preschools,"Gulf County, FL",12045
7,12,3.36,Preschools,"Trimble County, KY",21223
7,14,3.36,Preschools,"Crawford County, GA",13079
14,21,3.36,Preschools,"Macon County, AL",1087
15,20,3.37,Preschools,"Seneca County, OH",39147
15,32,3.37,Preschools,"Rhea County, TN",47143
19,35,3.37,Preschools,"Greensville County, VA",51081
8,15,3.38,Preschools,"Carter County, TN",47019
12,18,3.38,Preschools,"Pittsylvania County, VA",51143
13,30,3.38,Preschools,"Buffalo County, WI",55011
20,28,3.38,Preschools,"Brown County, WI",55009
20,32,3.38,Preschools,"Northumberland County, PA",42097
20,33,3.38,Preschools,"Madison County, NC",37115
20,34,3.38,Preschools,"Erie County, OH",39043
20,37,3.38,Preschools,"Saluda County, SC",45081
20,38,3.38,Preschools,"St. Lucie County, FL",12111
20,41,3.38,Preschools,"El Paso County, TX",48141
9,11,3.39,Preschools,"Caswell County, NC",37033
9,11,3.39,Preschools,"Edgecombe County, NC",37065
9,14,3.39,Preschools,"Pike County, IN",18125
9,16,3.39,Preschools,"Yuma County, AZ",4027
14,28,3.39,Preschools,"Cowley County, KS",20035
14,28,3.39,Preschools,"Sumner County, KS",20191
5,12,3.4,Preschools,"Curry County, OR",41015
10,12,3.4,Preschools,"Edmonson County, KY",21061
10,16,3.4,Preschools,"Cannon County, TN",47015
20,29,3.4,Preschools,"Ascension Parish, LA",22005
20,29,3.4,Preschools,"Washington County, OK",40147
20,33,3.4,Preschools,"Avery County, NC",37011
20,33,3.4,Preschools,"Somerset County, PA",42111
20,39,3.4,Preschools,"Putnam County, GA",13237
20,62,3.4,Preschools,"Lampasas County, TX",48281
17,23,3.41,Preschools,"Cherokee County, OK",40021
17,38,3.41,Preschools,"Pepin County, WI",55091
6,10,3.42,Preschools,"Edwards County, IL",17047
12,14,3.42,Preschools,"Grayson County, KY",21085
12,19,3.42,Preschools,"Tallapoosa County, AL",1123
18,40,3.42,Preschools,"Long County, GA",13183
20,30,3.42,Preschools,"Clarendon County, SC",45027
20,30,3.42,Preschools,"Jackson County, NC",37099
20,36,3.42,Preschools,"Richland County, OH",39139
20,39,3.42,Preschools,"Bosque County, TX",48035
20,40,3.42,Preschools,"Calhoun County, SC",45017
20,41,3.42,Preschools,"Montague County, TX",48337
20,43,3.42,Preschools,"Warren County, TN",47177
7,13,3.43,Preschools,"Montgomery County, VA",51121
7,13,3.43,Preschools,"Radford, VA",51750
7,13,3.43,Preschools,"Salem, VA",51775
7,14,3.43,Preschools,"Kennebec County, ME",23011
14,24,3.43,Preschools,"Saginaw County, MI",26145
14,37,3.43,Preschools,"Bonneville County, ID",16019
8,10,3.44,Preschools,"Atkinson County, GA",13003
8,10,3.44,Preschools,"Berrien County, GA",13019
8,10,3.44,Preschools,"Caldwell County, KY",21033
16,30,3.44,Preschools,"Jackson County, AL",1071
11,22,3.45,Preschools,"Polk County, TN",47139
20,39,3.45,Preschools,"Anderson County, SC",45007
20,46,3.45,Preschools,"Fairfield County, SC",45039
20,75,3.45,Preschools,"Love County, OK",40085
12,14,3.46,Preschools,"Pitt County, NC",37147
12,17,3.46,Preschools,"Putnam County, IL",17155
14,21,3.46,Preschools,"Butler County, NE",31023
14,21,3.46,Preschools,"Seward County, NE",31159
15,34,3.47,Preschools,"Osage County, KS",20139
16,28,3.47,Preschools,"Banks County, GA",13011
19,34,3.47,Preschools,"Crosby County, TX",48107
19,34,3.47,Preschools,"Floyd County, TX",48153
19,34,3.47,Preschools,"Garza County, TX",48169
19,34,3.47,Preschools,"Hale County, TX",48189
19,34,3.47,Preschools,"Hockley County, TX",48219
19,34,3.47,Preschools,"Lamb County, TX",48279
19,34,3.47,Preschools,"Lubbock County, TX",48303
19,34,3.47,Preschools,"Lynn County, TX",48305
19,34,3.47,Preschools,"Terry County, TX",48445
20,34,3.48,Preschools,"Mitchell County, NC",37121
20,35,3.48,Preschools,"Polk County, IA",19153
20,35,3.48,Preschools,"Yancey County, NC",37199
20,36,3.48,Preschools,"Clayton County, GA",13063
20,39,3.48,Preschools,"Greenville County, SC",45045
20,42,3.48,Preschools,"Okeechobee County, FL",12093
20,44,3.48,Preschools,"Martin County, FL",12085
20,44,3.48,Preschools,"Meigs County, TN",47121
20,47,3.48,Preschools,"Richland County, SC",45079
4,11,3.5,Preschools,"Hancock County, TN",47067
5,10,3.5,Preschools,"Jackson County, TX",48239
6,13,3.5,Preschools,"Lamar County, GA",13171
7,11,3.5,Preschools,"Centre County, PA",42027
7,12,3.5,Preschools,"Hopkins County, TX",48223
8,15,3.5,Preschools,"White County, IN",18181
8,18,3.5,Preschools,"Grays Harbor County, WA",53027
10,24,3.5,Preschools,"Pike County, GA",13231
11,18,3.5,Preschools,"Dunn County, WI",55033
12,16,3.5,Preschools,"Taylor County, KY",21217
13,20,3.5,Preschools,"Blaine County, OK",40011
16,40,3.5,Preschools,"Newton County, MO",29145
17,23,3.5,Preschools,"Lawrence County, AL",1079
17,23,3.5,Preschools,"Limestone County, AL",1083
17,42,3.5,Preschools,"Ottawa County, OK",40115
20,29,3.5,Preschools,"Madison County, GA",13195
20,31,3.5,Preschools,"Benton County, MN",27009
20,33,3.5,Preschools,"Ottawa County, OH",39123
20,38,3.5,Preschools,"Muskogee County, OK",40101
20,40,3.5,Preschools,"Georgetown County, SC",45043
20,40,3.5,Preschools,"Greenwood County, SC",45047
20,41,3.5,Preschools,"Walker County, GA",13295
20,44,3.5,Preschools,"Bryan County, GA",13029
20,44,3.5,Preschools,"Chatham County, GA",13051
20,44,3.5,Preschools,"Effingham County, GA",13103
20,44,3.5,Preschools,"Liberty County, GA",13179
20,45,3.5,Preschools,"Glades County, FL",12043
20,31,3.52,Preschools,"West Baton Rouge Parish, LA",22121
20,31,3.52,Preschools,"West Feliciana Parish, LA",22125
20,33,3.52,Preschools,"Cocke County, TN",47029
20,38,3.52,Preschools,"Dinwiddie County, VA",51053
20,39,3.52,Preschools,"Pacific County, WA",53049
20,50,3.52,Preschools,"Polk County, TX",48373
20,61,3.52,Preschools,"Haywood County, TN",47075
15,21,3.53,Preschools,"Imperial County, CA",6025
15,24,3.53,Preschools,"Polk County, NC",37149
15,30,3.53,Preschools,"Greene County, VA",51079
17,23,3.53,Preschools,"Waupaca County, WI",55135
17,26,3.53,Preschools,"Greene County, TN",47059
17,35,3.53,Preschools,"Lee County, IL",17103
20,31,3.55,Preschools,"Escambia County, AL",1053
20,37,3.55,Preschools,"Cleveland County, OK",40027
20,39,3.55,Preschools,"Prince George County, VA",51149
20,44,3.55,Preschools,"McClain County, OK",40087
20,45,3.55,Preschools,"Harrisonburg, VA",51660
20,45,3.55,Preschools,"Rockingham County, VA",51165
20,47,3.55,Preschools,"Weber County, UT",49057
20,50,3.55,Preschools,"Marshall County, WV",54051
20,71,3.55,Preschools,"Niagara County, NY",36063
8,13,3.56,Preschools,"Jackson County, FL",12063
8,14,3.56,Preschools,"Panola County, MS",28107
9,11,3.56,Preschools,"Warren County, KY",21227
16,38,3.56,Preschools,"Charlottesville, VA",51540
17,33,3.56,Preschools,"Clay County, AL",1027
18,30,3.56,Preschools,"Ogle County, IL",17141
18,32,3.56,Preschools,"Adams County, OH",39001
7,11,3.57,Preschools,"Accomack County, VA",51001
7,12,3.57,Preschools,"Grundy County, IA",19075
7,13,3.57,Preschools,"Christian County, IL",17021
7,13,3.57,Preschools,"Sangamon County, IL",17167
7,14,3.57,Preschools,"Hawkins County, TN",47073
7,20,3.57,Preschools,"Olmsted County, MN",27109
7,20,3.57,Preschools,"Steele County, MN",27147
15,21,3.57,Preschools,"Madison County, AL",1089
15,25,3.57,Preschools,"Carroll County, IL",17015
6,10,3.58,Preschools,"Crittenden County, KY",21055
19,25,3.58,Preschools,"Jones County, NC",37103
19,43,3.58,Preschools,"Augusta County, VA",51015
20,32,3.58,Preschools,"Henry County, IL",17073
20,33,3.58,Preschools,"Haywood County, NC",37087
20,33,3.58,Preschools,"Mason County, KY",21161
20,40,3.58,Preschools,"Mifflin County, PA",42087
20,40,3.58,Preschools,"Randolph County, AL",1111
20,41,3.58,Preschools,"Rich County, UT",49033
20,42,3.58,Preschools,"Fayette County, GA",13113
20,43,3.58,Preschools,"Kershaw County, SC",45055
11,17,3.59,Preschools,"Bedford County, VA",51019
11,21,3.59,Preschools,"Linn County, KS",20107
17,28,3.59,Preschools,"Northumberland County, VA",51133
5,11,3.6,Preschools,"Waldo County, ME",23027
5,13,3.6,Preschools,"Chenango County, NY",36017
5,17,3.6,Preschools,"Marshall County, OK",40095
10,16,3.6,Preschools,"Clinton County, NY",36019
10,20,3.6,Preschools,"Mendocino County, CA",6045
10,32,3.6,Preschools,"Jefferson County, ID",16051
15,22,3.6,Preschools,"Clallam County, WA",53009
15,25,3.6,Preschools,"Holmes County, FL",12059
15,26,3.6,Preschools,"Baldwin County, GA",13009
20,29,3.6,Preschools,"Kent County, DE",10001
20,31,3.6,Preschools,"Buncombe County, NC",37021
20,32,3.6,Preschools,"Oconee County, SC",45073
20,33,3.6,Preschools,"Lackawanna County, PA",42069
20,33,3.6,Preschools,"Santa Rosa County, FL",12113
20,33,3.6,Preschools,"Story County, IA",19169
20,43,3.6,Preschools,"Jasper County, SC",45053
20,44,3.6,Preschools,"Upson County, GA",13293
20,60,3.6,Preschools,"Coryell County, TX",48099
14,21,3.61,Preschools,"Crawford County, OH",39033
14,22,3.61,Preschools,"Newaygo County, MI",26123
14,26,3.61,Preschools,"Washington County, NY",36115
13,27,3.62,Preschools,"Lunenburg County, VA",51111
13,36,3.62,Preschools,"Bingham County, ID",16011
4,10,3.63,Preschools,"Hamilton County, NY",36041
8,15,3.63,Preschools,"Floyd County, VA",51063
8,17,3.63,Preschools,"Los Alamos County, NM",35028
12,18,3.63,Preschools,"Sumter County, GA",13261
12,25,3.63,Preschools,"Ware County, GA",13299
20,27,3.63,Preschools,"Outagamie County, WI",55087
20,28,3.63,Preschools,"Winnebago County, WI",55139
20,32,3.63,Preschools,"Knox County, IL",17095
20,33,3.63,Preschools,"Pointe Coupee Parish, LA",22077
20,36,3.63,Preschools,"Walton County, FL",12131
20,37,3.63,Preschools,"Spalding County, GA",13255
20,39,3.63,Preschools,"Larue County, KY",21123
20,40,3.63,Preschools,"Sussex County, VA",51183
20,42,3.63,Preschools,"Kenton County, KY",21117
20,49,3.63,Preschools,"Troup County, GA",13285
7,11,3.64,Preschools,"Hamilton County, IA",19079
7,14,3.64,Preschools,"Cumberland County, TN",47035
7,40,3.64,Preschools,"Crawford County, PA",42039
11,17,3.64,Preschools,"Green Lake County, WI",55047
14,22,3.64,Preschools,"Whiteside County, IL",17195
14,33,3.64,Preschools,"Jackson County, KS",20085
14,33,3.64,Preschools,"Shawnee County, KS",20177
18,40,3.64,Preschools,"McIntosh County, GA",13191
17,23,3.65,Preschools,"Craven County, NC",37049
17,23,3.65,Preschools,"Pamlico County, NC",37137
20,31,3.65,Preschools,"Lawrence County, TN",47099
20,39,3.65,Preschools,"Marion County, KY",21155
20,40,3.65,Preschools,"Whitfield County, GA",13313
20,44,3.65,Preschools,"Albemarle County, VA",51003
20,44,3.65,Preschools,"Benton County, AR",5007
20,53,3.65,Preschools,"Crittenden County, AR",5035
20,104,3.65,Preschools,"Wahkiakum County, WA",53069
19,37,3.66,Preschools,"Franklin County, TN",47051
6,11,3.67,Preschools,"Summit County, UT",49043
6,13,3.67,Preschools,"Carroll County, IN",18015
6,13,3.67,Preschools,"Fountain County, IN",18045
6,13,3.67,Preschools,"Warren County, IN",18171
9,14,3.67,Preschools,"DeKalb County, MO",29063
9,15,3.67,Preschools,"Cuming County, NE",31039
9,16,3.67,Preschools,"Cass County, IN",18017
9,16,3.67,Preschools,"Warren County, NY",36113
9,45,3.67,Preschools,"Chautauqua County, NY",36013
9,60,3.67,Preschools,"Page County, IA",19145
12,14,3.67,Preschools,"Cass County, TX",48067
12,14,3.67,Preschools,"Harrison County, TX",48203
12,14,3.67,Preschools,"Marion County, TX",48315
12,23,3.67,Preschools,"Geneva County, AL",1061
20,25,3.67,Preschools,"Luzerne County, PA",42079
20,34,3.67,Preschools,"Cape May County, NJ",34009
20,34,3.67,Preschools,"Marshall County, IA",19127
20,38,3.67,Preschools,"Switzerland County, IN",18155
20,42,3.67,Preschools,"McLennan County, TX",48309
20,48,3.67,Preschools,"Breckinridge County, KY",21027
20,48,3.67,Preschools,"Erath County, TX",48143
20,81,3.67,Preschools,"Frio County, TX",48163
8,10,3.69,Preschools,"Beaufort County, NC",37013
13,22,3.69,Preschools,"Barren County, KY",21009
13,28,3.69,Preschools,"Wabasha County, MN",27157
5,11,3.7,Preschools,"Knox County, ME",23013
10,15,3.7,Preschools,"Nowata County, OK",40105
10,15,3.7,Preschools,"Tipton County, IN",18159
20,29,3.7,Preschools,"Lucas County, OH",39095
20,31,3.7,Preschools,"Jefferson County, FL",12065
20,31,3.7,Preschools,"Osage County, OK",40113
20,31,3.7,Preschools,"Rockingham County, NC",37157
20,32,3.7,Preschools,"East Baton Rouge Parish, LA",22033
20,34,3.7,Preschools,"Jasper County, IA",19099
20,35,3.7,Preschools,"Grady County, OK",40051
20,39,3.7,Preschools,"Pickens County, SC",45077
20,47,3.7,Preschools,"Delaware County, OK",40041
20,60,3.7,Preschools,"Benton County, MS",28009
7,10,3.71,Preschools,"Chippewa County, WI",55017
7,10,3.71,Preschools,"Eau Claire County, WI",55035
19,26,3.71,Preschools,"Mercer County, PA",42085
16,27,3.72,Preschools,"Mason County, IL",17125
11,14,3.73,Preschools,"Blair County, PA",42013
11,17,3.73,Preschools,"Franklin County, VT",50011
11,17,3.73,Preschools,"Grand Isle County, VT",50013
11,17,3.73,Preschools,"Lamoille County, VT",50015
11,33,3.73,Preschools,"Madison County, ID",16065
15,20,3.73,Preschools,"Randolph County, IN",18135
20,28,3.73,Preschools,"Manitowoc County, WI",55071
20,29,3.73,Preschools,"Shelby County, OH",39149
20,30,3.73,Preschools,"Assumption Parish, LA",22007
20,32,3.73,Preschools,"Gilchrist County, FL",12041
20,33,3.73,Preschools,"Holmes County, OH",39075
20,34,3.73,Preschools,"Okaloosa County, FL",12091
20,35,3.73,Preschools,"Okmulgee County, OK",40111
20,36,3.73,Preschools,"Charlotte County, FL",12015
20,40,3.73,Preschools,"Rensselaer County, NY",36083
20,44,3.73,Preschools,"Carroll County, AR",5015
20,44,3.73,Preschools,"Madison County, AR",5087
20,53,3.73,Preschools,"Newport News, VA",51700
20,58,3.73,Preschools,"Mississippi County, AR",5093
4,21,3.75,Preschools,"Cochise County, AZ",4003
10,17,3.75,Preschools,"Huntingdon County, PA",42061
10,29,3.75,Preschools,"Belmont County, OH",39013
12,20,3.75,Preschools,"Fulton County, IN",18049
12,22,3.75,Preschools,"Menard County, IL",17129
14,26,3.75,Preschools,"Walla Walla County, WA",53071
14,27,3.75,Preschools,"Franklin County, WA",53021
14,28,3.75,Preschools,"Brown County, IN",18013
20,31,3.75,Preschools,"Caddo County, OK",40015
20,35,3.75,Preschools,"Wagoner County, OK",40145
20,36,3.75,Preschools,"Albany County, NY",36001
20,38,3.75,Preschools,"Laurens County, SC",45059
20,39,3.75,Preschools,"Fulton County, NY",36035
20,39,3.75,Preschools,"Saratoga County, NY",36091
20,39,3.75,Preschools,"Spartanburg County, SC",45083
20,40,3.75,Preschools,"Greene County, PA",42059
20,42,3.75,Preschools,"Winston County, AL",1133
20,48,3.75,Preschools,"Newberry County, SC",45071
20,49,3.75,Preschools,"Payne County, OK",40119
20,52,3.75,Preschools,"Frederick County, VA",51069
20,54,3.75,Preschools,"Clarke County, VA",51043
20,58,3.75,Preschools,"Van Zandt County, TX",48467
20,62,3.75,Preschools,"Fayette County, TN",47047
20,102,3.75,Preschools,"Bell County, TX",48027
17,29,3.76,Preschools,"Liberty County, FL",12077
17,30,3.76,Preschools,"Hillsdale County, MI",26059
20,33,3.77,Preschools,"Branch County, MI",26023
20,34,3.77,Preschools,"Escambia County, FL",12033
20,35,3.77,Preschools,"Tulsa County, OK",40143
20,41,3.77,Preschools,"DeSoto County, FL",12027
20,44,3.77,Preschools,"Dearborn County, IN",18029
20,51,3.77,Preschools,"Licking County, OH",39089
20,53,3.77,Preschools,"Jack County, TX",48237
20,58,3.77,Preschools,"Lauderdale County, TN",47097
20,58,3.77,Preschools,"Tipton County, TN",47167
9,23,3.78,Preschools,"Waynesboro, VA",51820
18,30,3.78,Preschools,"Seminole County, GA",13253
18,36,3.78,Preschools,"Androscoggin County, ME",23001
7,10,3.79,Preschools,"Bertie County, NC",37015
12,17,3.79,Preschools,"Fulton County, IL",17057
14,21,3.79,Preschools,"Clinton County, IA",19045
14,21,3.79,Preschools,"Rock Island County, IL",17161
14,21,3.79,Preschools,"Scott County, IA",19163
17,26,3.79,Preschools,"Craig County, OK",40035
5,11,3.8,Preschools,"Scott County, IL",17171
10,64,3.8,Preschools,"Montgomery County, IA",19137
15,22,3.8,Preschools,"Jackson County, TN",47087
15,25,3.8,Preschools,"Taylor County, FL",12123
20,25,3.8,Preschools,"Greene County, OH",39057
20,27,3.8,Preschools,"Calumet County, WI",55015
20,32,3.8,Preschools,"Livingston Parish, LA",22063
20,32,3.8,Preschools,"McDowell County, NC",37111
20,35,3.8,Preschools,"Monroe County, GA",13207
20,37,3.8,Preschools,"Anderson County, TN",47001
20,38,3.8,Preschools,"Columbus County, NC",37047
20,40,3.8,Preschools,"Lancaster County, NE",31109
20,41,3.8,Preschools,"Coffee County, TN",47031
20,52,3.8,Preschools,"Coweta County, GA",13077
20,55,3.8,Preschools,"Charles City County, VA",51036
20,57,3.8,Preschools,"Lincoln County, OR",41041
20,58,3.8,Preschools,"Shasta County, CA",6089
8,11,3.81,Preschools,"Alexander County, NC",37003
8,28,3.81,Preschools,"Tompkins County, NY",36109
13,20,3.81,Preschools,"Roanoke County, VA",51161
13,20,3.81,Preschools,"Roanoke, VA",51770
18,28,3.81,Preschools,"Benton County, IA",19011
11,13,3.82,Preschools,"Panola County, TX",48365
14,25,3.82,Preschools,"Lafayette County, FL",12067
17,23,3.82,Preschools,"Lenoir County, NC",37107
19,34,3.82,Preschools,"Montgomery County, IL",17135
6,12,3.83,Preschools,"DeKalb County, IN",18033
6,12,3.83,Preschools,"Giles County, VA",51071
6,12,3.83,Preschools,"Pulaski County, VA",51155
6,18,3.83,Preschools,"Lawrence County, IN",18093
12,18,3.83,Preschools,"Chittenden County, VT",50007
12,18,3.83,Preschools,"Washington County, VT",50023
15,24,3.83,Preschools,"Iowa County, IA",19095
20,26,3.83,Preschools,"Gasconade County, MO",29073
20,30,3.83,Preschools,"Fulton County, OH",39051
20,32,3.83,Preschools,"St. Martin Parish, LA",22099
20,34,3.83,Preschools,"LaPorte County, IN",18091
20,34,3.83,Preschools,"Pawnee County, OK",40117
20,35,3.83,Preschools,"Falls County, TX",48145
20,37,3.83,Preschools,"New Hanover County, NC",37129
20,41,3.83,Preschools,"Brunswick County, NC",37019
20,41,3.83,Preschools,"Cumberland County, ME",23005
20,45,3.83,Preschools,"Washington County, AR",5143
20,49,3.83,Preschools,"Hardin County, TX",48199
20,51,3.83,Preschools,"Matagorda County, TX",48321
20,67,3.83,Preschools,"Gillespie County, TX",48171
19,28,3.84,Preschools,"Madison County, FL",12079
13,20,3.85,Preschools,"Adams County, IN",18001
17,31,3.85,Preschools,"Wilkes County, NC",37193
20,27,3.85,Preschools,"Jackson County, MS",28059
20,29,3.85,Preschools,"Duplin County, NC",37061
20,31,3.85,Preschools,"East Feliciana Parish, LA",22037
20,33,3.85,Preschools,"Transylvania County, NC",37175
20,34,3.85,Preschools,"Todd County, KY",21219
20,35,3.85,Preschools,"Lane County, OR",41039
20,37,3.85,Preschools,"Allen County, KY",21003
20,37,3.85,Preschools,"Wayne County, PA",42127
20,40,3.85,Preschools,"Claiborne County, TN",47025
20,45,3.85,Preschools,"Montgomery County, NC",37123
20,45,3.85,Preschools,"New Castle County, DE",10003
20,52,3.85,Preschools,"Logan County, OK",40083
20,72,3.85,Preschools,"Erie County, NY",36029
7,10,3.86,Preschools,"Montgomery County, AL",1101
11,16,3.86,Preschools,"Johnson County, AR",5071
11,21,3.86,Preschools,"Anderson County, KS",20003
14,23,3.86,Preschools,"Limestone County, TX",48293
4,15,3.88,Preschools,"Fillmore County, MN",27045
8,10,3.88,Preschools,"Halifax County, VA",51083
8,12,3.88,Preschools,"Brown County, KS",20013
8,15,3.88,Preschools,"Benton County, IN",18007
17,28,3.88,Preschools,"Prince Edward County, VA",51147
20,30,3.88,Preschools,"Brooks County, GA",13027
20,30,3.88,Preschools,"Pearl River County, MS",28109
20,31,3.88,Preschools,"Stark County, IL",17175
20,32,3.88,Preschools,"Clarion County, PA",42031
20,32,3.88,Preschools,"Lincoln County, MO",29113
20,33,3.88,Preschools,"Tazewell County, IL",17179
20,34,3.88,Preschools,"Volusia County, FL",12127
20,36,3.88,Preschools,"St. Joseph County, IN",18141
20,38,3.88,Preschools,"Etowah County, AL",1055
20,43,3.88,Preschools,"Snyder County, PA",42109
20,45,3.88,Preschools,"Pottawatomie County, OK",40125
20,45,3.88,Preschools,"Torrance County, NM",35057
20,53,3.88,Preschools,"Plaquemines Parish, LA",22075
20,53,3.88,Preschools,"St. Charles Parish, LA",22089
20,59,3.88,Preschools,"Washington County, PA",42125
20,62,3.88,Preschools,"Marshall County, MS",28093
14,21,3.89,Preschools,"Wyandot County, OH",39175
15,26,3.9,Preschools,"Suwannee County, FL",12121
20,36,3.9,Preschools,"DeKalb County, TN",47041
20,37,3.9,Preschools,"Bennington County, VT",50003
20,37,3.9,Preschools,"Scott County, TN",47151
20,38,3.9,Preschools,"Orangeburg County, SC",45075
20,41,3.9,Preschools,"Lincoln County, ME",23015
20,41,3.9,Preschools,"Sarasota County, FL",12115
20,45,3.9,Preschools,"Walker County, AL",1127
20,47,3.9,Preschools,"Carroll County, GA",13045
20,56,3.9,Preschools,"Tunica County, MS",28143
20,64,3.9,Preschools,"Yavapai County, AZ",4025
11,15,3.91,Preschools,"Sequoyah County, OK",40135
11,17,3.91,Preschools,"Saline County, MO",29195
20,27,3.92,Preschools,"Montgomery County, OH",39113
20,34,3.92,Preschools,"Henry County, VA",51089
20,34,3.92,Preschools,"Martinsville, VA",51690
20,36,3.92,Preschools,"Surry County, NC",37171
20,38,3.92,Preschools,"Hampton, VA",51650
20,39,3.92,Preschools,"Danville, VA",51590
20,39,3.92,Preschools,"Williamsburg County, SC",45089
20,42,3.92,Preschools,"Calvert County, MD",24009
20,44,3.92,Preschools,"Marlboro County, SC",45069
20,47,3.92,Preschools,"Heard County, GA",13149
20,49,3.92,Preschools,"Fredericksburg, VA",51630
20,49,3.92,Preschools,"St. Mary's County, MD",24037
20,82,3.92,Preschools,"Utah County, UT",49049
20,127,3.92,Preschools,"Fayette County, TX",48149
14,20,3.93,Preschools,"Huntington County, IN",18069
14,20,3.93,Preschools,"Wabash County, IN",18169
14,28,3.93,Preschools,"Parke County, IN",18121
15,20,3.93,Preschools,"Harrison County, MS",28047
8,10,3.94,Preschools,"Mecklenburg County, VA",51117
8,10,3.94,Preschools,"Person County, NC",37145
8,11,3.94,Preschools,"Nicollet County, MN",27103
16,27,3.94,Preschools,"Carroll County, VA",51035
17,29,3.94,Preschools,"Taney County, MO",29213
11,18,3.95,Preschools,"Jefferson County, TX",48245
11,19,3.95,Preschools,"Humboldt County, CA",6023
11,25,3.95,Preschools,"Daviess County, IN",18027
20,32,3.95,Preschools,"Decatur County, IN",18031
20,32,3.95,Preschools,"Henry County, GA",13151
20,32,3.95,Preschools,"Tangipahoa Parish, LA",22105
20,33,3.95,Preschools,"Hamblen County, TN",47063
20,33,3.95,Preschools,"St. Francois County, MO",29187
20,36,3.95,Preschools,"Guilford County, NC",37081
20,38,3.95,Preschools,"Spencer County, KY",21215
20,39,3.95,Preschools,"Fulton County, PA",42057
20,39,3.95,Preschools,"Montgomery County, NY",36057
20,43,3.95,Preschools,"Montgomery County, TN",47125
20,44,3.95,Preschools,"Meriwether County, GA",13199
20,45,3.95,Preschools,"Monroe County, MI",26115
20,62,3.95,Preschools,"Culpeper County, VA",51047
20,75,3.95,Preschools,"Gila County, AZ",4007
20,89,3.95,Preschools,"Kerr County, TX",48265
12,17,3.96,Preschools,"Gratiot County, MI",26057
15,23,3.97,Preschools,"Johnson County, IA",19103
15,23,3.97,Preschools,"Linn County, IA",19113
16,22,3.97,Preschools,"Colquitt County, GA",13071
16,37,3.97,Preschools,"Mariposa County, CA",6043
19,32,3.97,Preschools,"Owsley County, KY",21189
20,29,3.98,Preschools,"Mobile County, AL",1097
20,34,3.98,Preschools,"Marshall County, IL",17123
20,36,3.98,Preschools,"St. Clair County, AL",1115
20,39,3.98,Preschools,"Schoharie County, NY",36095
20,40,3.98,Preschools,"Schenectady County, NY",36093
20,41,3.98,Preschools,"Beaufort County, SC",45013
20,42,3.98,Preschools,"Blount County, AL",1009
20,43,3.98,Preschools,"Adair County, OK",40001
20,43,3.98,Preschools,"Lake County, OH",39085
20,44,3.98,Preschools,"McDonald County, MO",29119
20,55,3.98,Preschools,"DeSoto County, MS",28033
3,14,4,Preschools,"Pima County, AZ",4019
6,11,4,Preschools,"Oneida County, NY",36065
9,12,4,Preschools,"Perry County, MS",28111
9,15,4,Preschools,"Jefferson County, WA",53031
9,20,4,Preschools,"Appomattox County, VA",51011
10,17,4,Preschools,"Rutland County, VT",50021
10,20,4,Preschools,"Alleghany County, NC",37005
10,34,4,Preschools,"Teton County, ID",16081
11,12,4,Preschools,"Miami County, IN",18103
14,24,4,Preschools,"Gadsden County, FL",12039
14,24,4,Preschools,"Leon County, FL",12073
14,24,4,Preschools,"Wakulla County, FL",12129
16,31,4,Preschools,"Benton County, WA",53005
17,22,4,Preschools,"Stone County, MS",28131
20,30,4,Preschools,"Fond du Lac County, WI",55039
20,33,4,Preschools,"Franklin County, KY",21073
20,33,4,Preschools,"Rabun County, GA",13241
20,37,4,Preschools,"Loudon County, TN",47105
20,38,4,Preschools,"Morgan County, TN",47129
20,38,4,Preschools,"Roane County, TN",47145
20,42,4,Preschools,"Juniata County, PA",42067
20,42,4,Preschools,"Stone County, MO",29209
20,43,4,Preschools,"Pendleton County, KY",21191
20,49,4,Preschools,"Navarro County, TX",48349
20,54,4,Preschools,"Shelby County, TN",47157
20,58,4,Preschools,"Trinity County, CA",6105
20,59,4,Preschools,"Tate County, MS",28137
20,70,4,Preschools,"Weld County, CO",8123
16,19,4.03,Preschools,"Stephenson County, IL",17177
19,31,4.03,Preschools,"Crawford County, MO",29055
19,32,4.03,Preschools,"Peoria County, IL",17143
19,32,4.03,Preschools,"Woodford County, IL",17203
20,28,4.03,Preschools,"Jones County, IA",19105
20,30,4.03,Preschools,"Pike County, MO",29163
20,31,4.03,Preschools,"Carroll County, OH",39019
20,31,4.03,Preschools,"Rogers County, OK",40131
20,33,4.03,Preschools,"Porter County, IN",18127
20,34,4.03,Preschools,"Kent County, MI",26081
20,38,4.03,Preschools,"Gloucester County, VA",51073
20,38,4.03,Preschools,"Steuben County, IN",18151
20,41,4.03,Preschools,"Grant County, KY",21081
20,42,4.03,Preschools,"Chesterfield County, SC",45025
20,42,4.03,Preschools,"Franklin County, PA",42055
20,43,4.03,Preschools,"Page County, VA",51139
20,50,4.03,Preschools,"Polk County, GA",13233
12,27,4.04,Preschools,"Martin County, IN",18101
14,19,4.04,Preschools,"Crawford County, AR",5033
14,24,4.04,Preschools,"Buena Vista, VA",51530
14,24,4.04,Preschools,"Lexington, VA",51678
14,24,4.04,Preschools,"Rockbridge County, VA",51163
10,57,4.05,Preschools,"Bryan County, OK",40013
19,29,4.05,Preschools,"Washington Parish, LA",22117
20,33,4.05,Preschools,"Marion County, FL",12083
20,35,4.05,Preschools,"Indiana County, PA",42063
20,37,4.05,Preschools,"Logan County, IL",17107
20,38,4.05,Preschools,"Westmoreland County, PA",42129
20,39,4.05,Preschools,"Van Buren County, MI",26159
20,40,4.05,Preschools,"Campbell County, KY",21037
20,40,4.05,Preschools,"Cass County, MI",26027
20,44,4.05,Preschools,"Burleson County, TX",48051
20,44,4.05,Preschools,"Fluvanna County, VA",51065
20,49,4.05,Preschools,"Lafourche Parish, LA",22057
20,51,4.05,Preschools,"Polk County, WI",55095
20,58,4.05,Preschools,"Crawford County, IN",18025
20,62,4.05,Preschools,"Hill County, TX",48217
8,13,4.06,Preschools,"Starr County, TX",48427
8,14,4.06,Preschools,"Bedford County, PA",42009
9,11,4.06,Preschools,"Worth County, GA",13321
16,32,4.06,Preschools,"Douglas County, IL",17041
16,32,4.06,Preschools,"Moultrie County, IL",17139
16,189,4.06,Preschools,"Maui County, HI",15009
7,12,4.07,Preschools,"Kenedy County, TX",48261
7,27,4.07,Preschools,"Tioga County, NY",36107
14,20,4.07,Preschools,"Wells County, IN",18179
15,25,4.07,Preschools,"Decatur County, GA",13087
15,27,4.07,Preschools,"Dallas County, MO",29059
15,27,4.07,Preschools,"Laclede County, MO",29105
15,27,4.07,Preschools,"Polk County, MO",29167
15,27,4.07,Preschools,"Webster County, MO",29225
15,31,4.07,Preschools,"Coles County, IL",17029
6,21,4.08,Preschools,"Chemung County, NY",36015
12,18,4.08,Preschools,"Allen County, IN",18003
13,22,4.08,Preschools,"Franklin County, FL",12037
20,26,4.08,Preschools,"Montgomery County, MO",29139
20,28,4.08,Preschools,"Towns County, GA",13281
20,31,4.08,Preschools,"Mayes County, OK",40097
20,32,4.08,Preschools,"Henderson County, NC",37089
20,32,4.08,Preschools,"Stark County, OH",39151
20,32,4.08,Preschools,"Thomas County, GA",13275
20,34,4.08,Preschools,"Talladega County, AL",1121
20,34,4.08,Preschools,"Washington County, IL",17189
20,38,4.08,Preschools,"Burke County, NC",37023
20,38,4.08,Preschools,"Ozaukee County, WI",55089
20,41,4.08,Preschools,"Richmond County, NC",37153
20,42,4.08,Preschools,"Sagadahoc County, ME",23023
20,45,4.08,Preschools,"Buchanan County, MO",29021
20,45,4.08,Preschools,"Johnson County, MO",29101
20,45,4.08,Preschools,"Rutherford County, TN",47149
20,46,4.08,Preschools,"Ross County, OH",39141
20,54,4.08,Preschools,"Chattooga County, GA",13055
20,55,4.08,Preschools,"Hernando County, FL",12053
20,62,4.08,Preschools,"Douglas County, KS",20045
16,27,4.09,Preschools,"Grady County, GA",13131
10,15,4.1,Preschools,"Whitley County, IN",18183
20,31,4.1,Preschools,"Starke County, IN",18149
20,32,4.1,Preschools,"Doniphan County, KS",20043
20,33,4.1,Preschools,"Alachua County, FL",12001
20,33,4.1,Preschools,"Mercer County, IL",17131
20,35,4.1,Preschools,"Hardin County, KY",21093
20,37,4.1,Preschools,"Cullman County, AL",1043
20,38,4.1,Preschools,"Fayette County, PA",42051
20,41,4.1,Preschools,"Lehigh County, PA",42077
20,44,4.1,Preschools,"Tuscaloosa County, AL",1125
20,48,4.1,Preschools,"Cumberland County, PA",42041
20,50,4.1,Preschools,"Tippecanoe County, IN",18157
20,64,4.1,Preschools,"Josephine County, OR",41033
20,66,4.1,Preschools,"Johnson County, TX",48251
20,75,4.1,Preschools,"Rappahannock County, VA",51157
9,12,4.11,Preschools,"Lumpkin County, GA",13187
9,14,4.11,Preschools,"Essex County, NY",36031
19,29,4.11,Preschools,"Noble County, IN",18113
13,22,4.12,Preschools,"Botetourt County, VA",51023
13,22,4.12,Preschools,"Mathews County, VA",51115
4,14,4.13,Preschools,"Summit County, CO",8117
4,35,4.13,Preschools,"Forest County, PA",42053
8,17,4.13,Preschools,"Cass County, IL",17017
12,24,4.13,Preschools,"Leon County, TX",48289
16,28,4.13,Preschools,"Greene County, MO",29077
19,33,4.13,Preschools,"Dade County, MO",29057
19,33,4.13,Preschools,"Lawrence County, MO",29109
20,28,4.13,Preschools,"Merrimack County, NH",33013
20,30,4.13,Preschools,"Dorchester County, MD",24019
20,31,4.13,Preschools,"Davie County, NC",37059
20,34,4.13,Preschools,"Caldwell County, NC",37027
20,35,4.13,Preschools,"Marshall County, IN",18099
20,36,4.13,Preschools,"LaGrange County, IN",18087
20,40,4.13,Preschools,"Amherst County, VA",51009
20,40,4.13,Preschools,"Burt County, NE",31021
20,41,4.13,Preschools,"Perry County, PA",42099
20,41,4.13,Preschools,"Shelby County, AL",1117
20,44,4.13,Preschools,"Suffolk, VA",51800
20,46,4.13,Preschools,"Hancock County, MS",28045
20,47,4.13,Preschools,"Floyd County, GA",13115
20,47,4.13,Preschools,"St. Tammany Parish, LA",22103
20,49,4.13,Preschools,"Orange County, IN",18117
20,50,4.13,Preschools,"Hoke County, NC",37093
20,52,4.13,Preschools,"Orleans Parish, LA",22071
20,63,4.13,Preschools,"Santa Cruz County, AZ",4023
20,85,4.13,Preschools,"Fauquier County, VA",51061
7,12,4.14,Preschools,"Madison County, NY",36053
7,12,4.14,Preschools,"Oswego County, NY",36075
7,13,4.14,Preschools,"Morgan County, IL",17137
11,17,4.14,Preschools,"Douglas County, MO",29067
14,20,4.14,Preschools,"Greene County, MS",28041
10,12,4.15,Preschools,"Tift County, GA",13277
13,21,4.15,Preschools,"Auglaize County, OH",39011
20,27,4.15,Preschools,"George County, MS",28039
20,30,4.15,Preschools,"Levy County, FL",12075
20,32,4.15,Preschools,"Logan County, KY",21141
20,34,4.15,Preschools,"Ripley County, IN",18137
20,37,4.15,Preschools,"Greene County, IN",18055
20,39,4.15,Preschools,"Blount County, TN",47009
20,40,4.15,Preschools,"Pickaway County, OH",39129
20,41,4.15,Preschools,"Bates County, MO",29013
20,41,4.15,Preschools,"Campbell County, TN",47013
20,42,4.15,Preschools,"Buckingham County, VA",51029
20,42,4.15,Preschools,"Morgan County, WV",54065
20,42,4.15,Preschools,"Nelson County, VA",51125
20,43,4.15,Preschools,"James City County, VA",51095
20,43,4.15,Preschools,"Lafayette County, MO",29107
20,43,4.15,Preschools,"York County, VA",51199
20,46,4.15,Preschools,"Dillon County, SC",45033
20,48,4.15,Preschools,"Oklahoma County, OK",40109
20,49,4.15,Preschools,"Somervell County, TX",48425
20,50,4.15,Preschools,"Camden County, GA",13039
20,65,4.15,Preschools,"Palm Beach County, FL",12099
20,74,4.15,Preschools,"Wise County, TX",48497
20,102,4.15,Preschools,"Elbert County, CO",8039
6,13,4.17,Preschools,"Williamsburg, VA",51830
9,12,4.17,Preschools,"Casey County, KY",21045
18,36,4.17,Preschools,"Vermillion County, IN",18165
20,32,4.17,Preschools,"Wright County, MN",27171
20,34,4.17,Preschools,"Lee County, KY",21129
20,36,4.17,Preschools,"Lancaster County, VA",51103
20,36,4.17,Preschools,"Oldham County, KY",21185
20,36,4.17,Preschools,"Pulaski County, IN",18131
20,36,4.17,Preschools,"Wayne County, OH",39169
20,37,4.17,Preschools,"Atlantic County, NJ",34001
20,37,4.17,Preschools,"Elkhart County, IN",18039
20,38,4.17,Preschools,"Tolland County, CT",9013
20,39,4.17,Preschools,"Berrien County, MI",26021
20,39,4.17,Preschools,"Piatt County, IL",17147
20,39,4.17,Preschools,"Smith County, TN",47159
20,41,4.17,Preschools,"Bibb County, AL",1007
20,43,4.17,Preschools,"Ohio County, WV",54069
20,45,4.17,Preschools,"Adams County, PA",42001
20,45,4.17,Preschools,"Perry County, OH",39127
20,49,4.17,Preschools,"Surry County, VA",51181
20,58,4.17,Preschools,"Lake County, CA",6033
20,106,4.17,Preschools,"Kaufman County, TX",48257
11,18,4.18,Preschools,"Van Wert County, OH",39161
11,19,4.18,Preschools,"Williams County, OH",39171
17,29,4.18,Preschools,"Christian County, MO",29043
18,32,4.19,Preschools,"Clinton County, MI",26037
10,14,4.2,Preschools,"Nantucket, MA",25019
10,27,4.2,Preschools,"Coconino County, AZ",4005
20,31,4.2,Preschools,"Lincoln County, TN",47103
20,32,4.2,Preschools,"Clinton County, IL",17027
20,32,4.2,Preschools,"Onslow County, NC",37133
20,34,4.2,Preschools,"Lawrence County, PA",42073
20,35,4.2,Preschools,"Catawba County, NC",37035
20,37,4.2,Preschools,"Kalamazoo County, MI",26077
20,37,4.2,Preschools,"Pike County, PA",42103
20,38,4.2,Preschools,"Stephens County, GA",13257
20,39,4.2,Preschools,"Coosa County, AL",1037
20,40,4.2,Preschools,"Bartholomew County, IN",18005
20,52,4.2,Preschools,"Polk County, FL",12105
20,53,4.2,Preschools,"Pierce County, WI",55093
20,58,4.2,Preschools,"York County, SC",45091
20,60,4.2,Preschools,"Douglas County, GA",13097
17,38,4.21,Preschools,"Vermilion County, IL",17183
9,15,4.22,Preschools,"Defiance County, OH",39039
9,15,4.22,Preschools,"Paulding County, OH",39125
9,26,4.22,Preschools,"Schuyler County, NY",36097
9,30,4.22,Preschools,"Plumas County, CA",6063
18,26,4.22,Preschools,"Cooper County, MO",29053
18,26,4.22,Preschools,"Morgan County, MO",29141
20,31,4.22,Preschools,"Cedar County, IA",19031
20,31,4.22,Preschools,"Louisa County, IA",19115
20,32,4.22,Preschools,"Creek County, OK",40037
20,32,4.22,Preschools,"Kootenai County, ID",16055
20,33,4.22,Preschools,"Sheboygan County, WI",55117
20,34,4.22,Preschools,"Barry County, MI",26015
20,36,4.22,Preschools,"Medina County, OH",39103
20,38,4.22,Preschools,"Middlesex County, VA",51119
20,38,4.22,Preschools,"Pender County, NC",37141
20,40,4.22,Preschools,"Benton County, OR",41003
20,40,4.22,Preschools,"Washington County, RI",44009
20,41,4.22,Preschools,"Amelia County, VA",51007
20,41,4.22,Preschools,"Columbia County, FL",12023
20,41,4.22,Preschools,"Hertford County, NC",37091
20,42,4.22,Preschools,"Citrus County, FL",12017
20,43,4.22,Preschools,"Jefferson County, AL",1073
20,43,4.22,Preschools,"Le Sueur County, MN",27079
20,45,4.22,Preschools,"Ocean County, NJ",34029
20,47,4.22,Preschools,"Brazos County, TX",48041
20,49,4.22,Preschools,"Scotland County, NC",37165
20,51,4.22,Preschools,"Isle of Wight County, VA",51093
20,53,4.22,Preschools,"Johnson County, IN",18081
20,57,4.22,Preschools,"Frederick County, MD",24021
20,57,4.22,Preschools,"Wayne County, NY",36117
20,64,4.22,Preschools,"Clatsop County, OR",41007
20,74,4.22,Preschools,"Medina County, TX",48325
6,13,4.25,Preschools,"Iberville Parish, LA",22047
12,20,4.25,Preschools,"Chariton County, MO",29041
14,21,4.25,Preschools,"Addison County, VT",50001
20,32,4.25,Preschools,"Huron County, OH",39077
20,34,4.25,Preschools,"Bradford County, FL",12007
20,34,4.25,Preschools,"Ionia County, MI",26067
20,35,4.25,Preschools,"Muskegon County, MI",26121
20,35,4.25,Preschools,"Orange County, NY",36071
20,35,4.25,Preschools,"Ottawa County, MI",26139
20,36,4.25,Preschools,"Fleming County, KY",21069
20,36,4.25,Preschools,"Jackson County, IN",18071
20,37,4.25,Preschools,"Beaver County, PA",42007
20,37,4.25,Preschools,"Butler County, PA",42019
20,37,4.25,Preschools,"Manatee County, FL",12081
20,39,4.25,Preschools,"Armstrong County, PA",42005
20,43,4.25,Preschools,"Greene County, NY",36039
20,51,4.25,Preschools,"Putnam County, NY",36079
20,52,4.25,Preschools,"Genesee County, MI",26049
20,52,4.25,Preschools,"Leavenworth County, KS",20103
20,70,4.25,Preschools,"Osceola County, FL",12097
20,73,4.25,Preschools,"Parker County, TX",48367
19,27,4.26,Preschools,"Howard County, MO",29089
19,27,4.26,Preschools,"Moniteau County, MO",29135
20,28,4.28,Preschools,"Bond County, IL",17005
20,34,4.28,Preschools,"Kosciusko County, IN",18085
20,35,4.28,Preschools,"Mercer County, KY",21167
20,35,4.28,Preschools,"Patrick County, VA",51141
20,36,4.28,Preschools,"Warren County, MO",29219
20,38,4.28,Preschools,"Isanti County, MN",27059
20,38,4.28,Preschools,"Shelby County, KY",21211
20,40,4.28,Preschools,"Caroline County, MD",24011
20,40,4.28,Preschools,"Southampton County, VA",51175
20,41,4.28,Preschools,"Wasatch County, UT",49051
20,44,4.28,Preschools,"Barry County, MO",29009
20,44,4.28,Preschools,"Davis County, UT",49011
20,46,4.28,Preschools,"Chisago County, MN",27025
20,50,4.28,Preschools,"Chesapeake, VA",51550
20,52,4.28,Preschools,"Hardee County, FL",12049
20,54,4.28,Preschools,"Orleans County, NY",36073
7,10,4.29,Preschools,"Pulaski County, GA",13235
5,15,4.3,Preschools,"Eagle County, CO",8037
10,16,4.3,Preschools,"Covington, VA",51580
15,23,4.3,Preschools,"Orange County, VT",50017
20,26,4.3,Preschools,"Ste. Genevieve County, MO",29186
20,31,4.3,Preschools,"Strafford County, NH",33017
20,33,4.3,Preschools,"Eaton County, MI",26045
20,36,4.3,Preschools,"Baltimore, MD",24510
20,36,4.3,Preschools,"Chilton County, AL",1021
20,38,4.3,Preschools,"El Paso County, CO",8041
20,38,4.3,Preschools,"York County, PA",42133
20,39,4.3,Preschools,"Jasper County, GA",13159
20,41,4.3,Preschools,"Chesterfield County, VA",51041
20,42,4.3,Preschools,"Platte County, MO",29165
20,43,4.3,Preschools,"Jackson County, GA",13157
20,43,4.3,Preschools,"St. Clair County, MI",26147
20,45,4.3,Preschools,"Hennepin County, MN",27053
20,47,4.3,Preschools,"Kingfisher County, OK",40073
20,47,4.3,Preschools,"Rice County, MN",27131
20,47,4.3,Preschools,"Wilson County, NC",37195
20,50,4.3,Preschools,"Ashtabula County, OH",39007
20,50,4.3,Preschools,"Butler County, OH",39017
20,50,4.3,Preschools,"Clark County, IN",18019
20,50,4.3,Preschools,"Franklin, VA",51620
20,51,4.3,Preschools,"Franklin County, VA",51067
20,52,4.3,Preschools,"Hood County, TX",48221
20,52,4.3,Preschools,"Windham County, CT",9015
20,55,4.3,Preschools,"St. Johns County, FL",12109
20,61,4.3,Preschools,"Clay County, IN",18021
20,140,4.3,Preschools,"Kern County, CA",6029
13,21,4.31,Preschools,"Monroe County, MO",29137
11,18,4.32,Preschools,"Alleghany County, VA",51005
20,28,4.33,Preschools,"Berks County, PA",42011
20,32,4.33,Preschools,"Calhoun County, MI",26025
20,32,4.33,Preschools,"Davidson County, NC",37057
20,32,4.33,Preschools,"Franklin County, GA",13119
20,34,4.33,Preschools,"Cecil County, MD",24015
20,35,4.33,Preschools,"Sherburne County, MN",27141
20,36,4.33,Preschools,"Ingham County, MI",26065
20,37,4.33,Preschools,"Wayne County, IN",18177
20,38,4.33,Preschools,"Indian River County, FL",12061
20,38,4.33,Preschools,"Lorain County, OH",39093
20,41,4.33,Preschools,"Wyandotte County, KS",20209
20,42,4.33,Preschools,"Lincoln County, NC",37109
20,43,4.33,Preschools,"Delaware County, OH",39041
20,43,4.33,Preschools,"Spotsylvania County, VA",51177
20,44,4.33,Preschools,"Barrow County, GA",13013
20,46,4.33,Preschools,"Jackson County, MO",29095
20,47,4.33,Preschools,"St. Croix County, WI",55109
20,48,4.33,Preschools,"Bartow County, GA",13015
20,50,4.33,Preschools,"Cumberland County, NC",37051
20,50,4.33,Preschools,"Warren County, NC",37185
20,51,4.33,Preschools,"Moore County, NC",37125
20,54,4.33,Preschools,"Union County, NC",37179
20,57,4.33,Preschools,"Charlton County, GA",13049
20,58,4.33,Preschools,"Floyd County, IN",18043
20,60,4.33,Preschools,"Berkeley County, WV",54003
20,68,4.33,Preschools,"Cowlitz County, WA",53015
16,29,4.34,Preschools,"Cedar County, MO",29039
13,18,4.35,Preschools,"Mercer County, OH",39107
13,38,4.35,Preschools,"Cortland County, NY",36023
17,33,4.35,Preschools,"Edgar County, IL",17045
20,27,4.35,Preschools,"Darke County, OH",39037
20,31,4.35,Preschools,"Clark County, OH",39023
20,32,4.35,Preschools,"Summit County, OH",39153
20,33,4.35,Preschools,"Columbia County, WI",55021
20,36,4.35,Preschools,"Shiawassee County, MI",26155
20,36,4.35,Preschools,"Spokane County, WA",53063
20,40,4.35,Preschools,"Grainger County, TN",47057
20,40,4.35,Preschools,"Knox County, TN",47093
20,43,4.35,Preschools,"Lincoln County, OK",40081
20,44,4.35,Preschools,"Clermont County, OH",39025
20,44,4.35,Preschools,"Franklin County, IN",18047
20,46,4.35,Preschools,"Poquoson, VA",51735
20,46,4.35,Preschools,"Sampson County, NC",37163
20,47,4.35,Preschools,"Bucks County, PA",42017
20,48,4.35,Preschools,"Bladen County, NC",37017
20,49,4.35,Preschools,"Murray County, GA",13213
20,53,4.35,Preschools,"Livingston County, NY",36051
20,74,4.35,Preschools,"Butte County, CA",6007
20,77,4.35,Preschools,"Northampton County, VA",51131
20,88,4.35,Preschools,"Mason County, WA",53045
20,91,4.35,Preschools,"Hendricks County, IN",18063
14,22,4.36,Preschools,"Randolph County, MO",29175
8,14,4.38,Preschools,"Keokuk County, IA",19107
12,32,4.38,Preschools,"Cayuga County, NY",36011
16,24,4.38,Preschools,"Osage County, MO",29151
16,37,4.38,Preschools,"Livingston County, IL",17105
17,42,4.38,Preschools,"Jefferson County, OR",41031
20,25,4.38,Preschools,"Sullivan County, NH",33019
20,31,4.38,Preschools,"Giles County, TN",47055
20,31,4.38,Preschools,"Harford County, MD",24025
20,34,4.38,Preschools,"Montcalm County, MI",26117
20,38,4.38,Preschools,"Graham County, NC",37075
20,39,4.38,Preschools,"Champaign County, IL",17019
20,39,4.38,Preschools,"Monroe County, IN",18105
20,43,4.38,Preschools,"Dorchester County, SC",45035
20,43,4.38,Preschools,"Flagler County, FL",12035
20,43,4.38,Preschools,"Harnett County, NC",37085
20,43,4.38,Preschools,"Owen County, IN",18119
20,44,4.38,Preschools,"Santa Fe County, NM",35049
20,45,4.38,Preschools,"Fairfield County, OH",39045
20,45,4.38,Preschools,"Washington County, MN",27163
20,49,4.38,Preschools,"Nelson County, KY",21179
20,56,4.38,Preschools,"Genesee County, NY",36037
20,57,4.38,Preschools,"Alamance County, NC",37001
20,57,4.38,Preschools,"Bullitt County, KY",21029
20,62,4.38,Preschools,"Yates County, NY",36123
20,65,4.38,Preschools,"Madison County, VA",51113
20,72,4.38,Preschools,"King William County, VA",51101
20,112,4.38,Preschools,"Llano County, TX",48299
20,211,4.38,Preschools,"Kalawao County, HI",15005
5,11,4.4,Preschools,"Craig County, VA",51045
5,11,4.4,Preschools,"Monroe County, WV",54063
10,28,4.4,Preschools,"Onondaga County, NY",36067
20,30,4.4,Preschools,"Baldwin County, AL",1003
20,32,4.4,Preschools,"Jackson County, KY",21109
20,33,4.4,Preschools,"Robertson County, KY",21201
20,34,4.4,Preschools,"Madison County, IL",17119
20,34,4.4,Preschools,"Washington County, KY",21229
20,35,4.4,Preschools,"Allegan County, MI",26005
20,36,4.4,Preschools,"Iredell County, NC",37097
20,36,4.4,Preschools,"Washington County, WI",55131
20,37,4.4,Preschools,"Macon County, IL",17115
20,37,4.4,Preschools,"McLeod County, MN",27085
20,38,4.4,Preschools,"Brooke County, WV",54009
20,40,4.4,Preschools,"De Witt County, IL",17039
20,40,4.4,Preschools,"Essex County, VA",51057
20,43,4.4,Preschools,"Columbia County, NY",36021
20,45,4.4,Preschools,"Preble County, OH",39135
20,45,4.4,Preschools,"Robeson County, NC",37155
20,46,4.4,Preschools,"Clay County, MO",29047
20,46,4.4,Preschools,"Westmoreland County, VA",51193
20,49,4.4,Preschools,"Macomb County, MI",26099
20,50,4.4,Preschools,"St. John the Baptist Parish, LA",22095
20,54,4.4,Preschools,"Washington County, MD",24043
20,56,4.4,Preschools,"Cass County, MO",29037
20,74,4.4,Preschools,"Currituck County, NC",37053
20,104,4.4,Preschools,"Grayson County, TX",48181
20,108,4.4,Preschools,"Rockwall County, TX",48397
17,25,4.41,Preschools,"Boone County, MO",29019
17,25,4.41,Preschools,"Callaway County, MO",29027
17,25,4.41,Preschools,"Cole County, MO",29051
6,16,4.42,Preschools,"Grand County, CO",8049
6,16,4.42,Preschools,"Lake County, CO",8065
6,16,4.42,Preschools,"Pitkin County, CO",8097
13,18,4.42,Preschools,"Cameron County, TX",48061
13,18,4.42,Preschools,"Hidalgo County, TX",48215
13,18,4.42,Preschools,"Willacy County, TX",48489
20,29,4.42,Preschools,"Miami County, OH",39109
20,30,4.42,Preschools,"Anderson County, KY",21005
20,31,4.42,Preschools,"Schuylkill County, PA",42107
20,32,4.42,Preschools,"Benewah County, ID",16009
20,36,4.42,Preschools,"Anoka County, MN",27003
20,36,4.42,Preschools,"Monroe County, TN",47123
20,39,4.42,Preschools,"Salem County, NJ",34033
20,39,4.42,Preschools,"St. Joseph County, MI",26149
20,42,4.42,Preschools,"Wayne County, NC",37191
20,44,4.42,Preschools,"Madison County, TX",48313
20,45,4.42,Preschools,"Union County, FL",12125
20,46,4.42,Preschools,"Lee County, FL",12071
20,49,4.42,Preschools,"King George County, VA",51099
20,49,4.42,Preschools,"Newport County, RI",44005
20,51,4.42,Preschools,"Kenosha County, WI",55059
20,51,4.42,Preschools,"Kitsap County, WA",53035
20,53,4.42,Preschools,"Ontario County, NY",36069
20,55,4.42,Preschools,"Johnson County, KS",20091
20,55,4.42,Preschools,"Miami County, KS",20121
20,59,4.42,Preschools,"Sumter County, FL",12119
20,60,4.42,Preschools,"Franklin County, KS",20059
20,67,4.42,Preschools,"Camden County, NC",37029
20,69,4.42,Preschools,"DeKalb County, IL",17037
20,77,4.42,Preschools,"Hanover County, VA",51085
20,91,4.42,Preschools,"Ellis County, TX",48139
20,95,4.42,Preschools,"Adams County, CO",8001
20,108,4.42,Preschools,"Douglas County, CO",8035
15,26,4.43,Preschools,"Dixie County, FL",12029
9,15,4.44,Preschools,"Washington County, IA",19183
9,19,4.44,Preschools,"DeWitt County, TX",48123
16,24,4.44,Preschools,"Audrain County, MO",29007
11,18,4.45,Preschools,"Miller County, GA",13201
19,46,4.45,Preschools,"Deschutes County, OR",41017
20,31,4.45,Preschools,"Henry County, KY",21103
20,32,4.45,Preschools,"Hillsborough County, NH",33011
20,33,4.45,Preschools,"Sibley County, MN",27143
20,34,4.45,Preschools,"Winnebago County, IL",17201
20,35,4.45,Preschools,"Washington County, IN",18175
20,36,4.45,Preschools,"York County, ME",23031
20,37,4.45,Preschools,"Berkshire County, MA",25003
20,37,4.45,Preschools,"Macon County, TN",47111
20,38,4.45,Preschools,"Caldwell County, MO",29025
20,38,4.45,Preschools,"Carver County, MN",27019
20,38,4.45,Preschools,"Fremont County, IA",19071
20,38,4.45,Preschools,"Randolph County, NC",37151
20,38,4.45,Preschools,"Sumner County, TN",47165
20,39,4.45,Preschools,"Mills County, IA",19129
20,40,4.45,Preschools,"Wilson County, TN",47189
20,44,4.45,Preschools,"Robertson County, TX",48395
20,44,4.45,Preschools,"Wayne County, MI",26163
20,45,4.45,Preschools,"Bracken County, KY",21023
20,45,4.45,Preschools,"Hendry County, FL",12051
20,45,4.45,Preschools,"Marshall County, TN",47117
20,46,4.45,Preschools,"Douglas County, NE",31055
20,50,4.45,Preschools,"Lapeer County, MI",26087
20,50,4.45,Preschools,"Meade County, KY",21163
20,50,4.45,Preschools,"Morgan County, IN",18109
20,52,4.45,Preschools,"Dawson County, GA",13085
20,66,4.45,Preschools,"Brazoria County, TX",48039
20,71,4.45,Preschools,"Pasco County, FL",12101
20,72,4.45,Preschools,"Orange County, NC",37135
20,89,4.45,Preschools,"Denton County, TX",48121
20,121,4.45,Preschools,"Arapahoe County, CO",8005
20,125,4.45,Preschools,"Monroe County, PA",42089
20,164,4.45,Preschools,"Caldwell County, TX",48055
20,224,4.45,Preschools,"Lee County, TX",48287
20,229,4.45,Preschools,"Bastrop County, TX",48021
20,29,4.47,Preschools,"Carroll County, KY",21041
20,30,4.47,Preschools,"Jefferson County, IN",18077
20,31,4.47,Preschools,"Muscatine County, IA",19139
20,33,4.47,Preschools,"Rutherford County, NC",37161
20,34,4.47,Preschools,"Hampden County, MA",25013
20,35,4.47,Preschools,"Simpson County, KY",21213
20,38,4.47,Preschools,"Gaston County, NC",37071
20,38,4.47,Preschools,"Morgan County, GA",13211
20,38,4.47,Preschools,"Newton County, GA",13217
20,40,4.47,Preschools,"Collier County, FL",12021
20,41,4.47,Preschools,"Dutchess County, NY",36027
20,42,4.47,Preschools,"Ulster County, NY",36111
20,43,4.47,Preschools,"Merced County, CA",6047
20,44,4.47,Preschools,"Clinton County, MO",29049
20,45,4.47,Preschools,"Bedford County, TN",47003
20,45,4.47,Preschools,"Canadian County, OK",40017
20,46,4.47,Preschools,"Paulding County, GA",13223
20,47,4.47,Preschools,"Maury County, TN",47119
20,48,4.47,Preschools,"Fremont County, CO",8043
20,49,4.47,Preschools,"Iowa County, WI",55049
20,49,4.47,Preschools,"Stanly County, NC",37167
20,54,4.47,Preschools,"Elmore County, ID",16039
20,60,4.47,Preschools,"Hillsborough County, FL",12057
20,66,4.47,Preschools,"Seminole County, FL",12117
20,78,4.47,Preschools,"Richmond, VA",51760
20,92,4.47,Preschools,"Colorado County, TX",48089
20,93,4.47,Preschools,"Delaware County, PA",42045
20,259,4.47,Preschools,"Lafayette County, WI",55065
1,15,4.5,Preschools,"Lassen County, CA",6035
1,21,4.5,Preschools,"Monroe County, FL",12087
5,10,4.5,Preschools,"Union County, TN",47173
5,25,4.5,Preschools,"Broome County, NY",36007
6,11,4.5,Preschools,"Coos County, OR",41011
8,14,4.5,Preschools,"Allen County, OH",39003
10,11,4.5,Preschools,"Macon County, NC",37113
15,22,4.5,Preschools,"Perry County, IL",17145
17,31,4.5,Preschools,"Galax, VA",51640
20,33,4.5,Preschools,"Macoupin County, IL",17117
20,34,4.5,Preschools,"Hampshire County, MA",25015
20,35,4.5,Preschools,"Forsyth County, NC",37067
20,36,4.5,Preschools,"Rockingham County, NH",33015
20,37,4.5,Preschools,"Sullivan County, NY",36105
20,41,4.5,Preschools,"Nottoway County, VA",51135
20,41,4.5,Preschools,"Union County, GA",13291
20,42,4.5,Preschools,"Karnes County, TX",48255
20,42,4.5,Preschools,"Scott County, MN",27139
20,43,4.5,Preschools,"Brevard County, FL",12009
20,46,4.5,Preschools,"Chester County, SC",45023
20,46,4.5,Preschools,"St. Bernard Parish, LA",22087
20,48,4.5,Preschools,"Jefferson County, OH",39081
20,52,4.5,Preschools,"New Kent County, VA",51127
20,56,4.5,Preschools,"Nassau County, FL",12089
20,56,4.5,Preschools,"Pickens County, GA",13227
20,57,4.5,Preschools,"Jefferson County, WV",54037
20,59,4.5,Preschools,"Fairfield County, CT",9001
20,61,4.5,Preschools,"Jackson County, OR",41029
20,65,4.5,Preschools,"Perquimans County, NC",37143
20,67,4.5,Preschools,"Pasquotank County, NC",37139
20,69,4.5,Preschools,"Glenn County, CA",6021
20,74,4.5,Preschools,"Falls Church, VA",51610
20,75,4.5,Preschools,"Tehama County, CA",6103
20,81,4.5,Preschools,"Bristol County, RI",44001
20,81,4.5,Preschools,"Park County, CO",8093
20,84,4.5,Preschools,"Hartford County, CT",9003
20,97,4.5,Preschools,"Columbia County, OR",41009
20,147,4.5,Preschools,"Sutter County, CA",6101
20,31,4.53,Preschools,"Ashland County, OH",39005
20,31,4.53,Preschools,"Lake County, IN",18089
20,33,4.53,Preschools,"Bourbon County, KY",21017
20,36,4.53,Preschools,"Moore County, TN",47127
20,38,4.53,Preschools,"Chester County, PA",42029
20,38,4.53,Preschools,"Union County, SC",45087
20,39,4.53,Preschools,"Sarpy County, NE",31153
20,40,4.53,Preschools,"Cass County, NE",31025
20,40,4.53,Preschools,"Linn County, OR",41043
20,42,4.53,Preschools,"Caroline County, VA",51033
20,42,4.53,Preschools,"Jackson County, MI",26075
20,45,4.53,Preschools,"McMinn County, TN",47107
20,45,4.53,Preschools,"Morrow County, OH",39117
20,46,4.53,Preschools,"Warren County, NJ",34041
20,47,4.53,Preschools,"Lee County, NC",37105
20,49,4.53,Preschools,"Vance County, NC",37181
20,51,4.53,Preschools,"Monroe County, NY",36055
20,54,4.53,Preschools,"Colusa County, CA",6011
20,54,4.53,Preschools,"Grimes County, TX",48185
20,55,4.53,Preschools,"Chowan County, NC",37041
20,55,4.53,Preschools,"Ramsey County, MN",27123
20,56,4.53,Preschools,"Wyoming County, NY",36121
20,118,4.53,Preschools,"Fresno County, CA",6019
11,18,4.55,Preschools,"Rockcastle County, KY",21203
20,29,4.55,Preschools,"Belknap County, NH",33001
20,29,4.55,Preschools,"Sauk County, WI",55111
20,32,4.55,Preschools,"Rockdale County, GA",13247
20,35,4.55,Preschools,"Dukes County, MA",25007
20,40,4.55,Preschools,"Jefferson County, TN",47089
20,40,4.55,Preschools,"Sevier County, TN",47155
20,40,4.55,Preschools,"Swain County, NC",37173
20,42,4.55,Preschools,"Portsmouth, VA",51740
20,47,4.55,Preschools,"Shelby County, IN",18145
20,50,4.55,Preschools,"Green County, WI",55045
20,56,4.55,Preschools,"Middlesex County, CT",9007
20,57,4.55,Preschools,"Gates County, NC",37073
20,60,4.55,Preschools,"Cabarrus County, NC",37025
20,61,4.55,Preschools,"Hamilton County, OH",39061
20,61,4.55,Preschools,"Stafford County, VA",51179
20,64,4.55,Preschools,"Goodhue County, MN",27049
20,66,4.55,Preschools,"Cobb County, GA",13067
20,70,4.55,Preschools,"Bristol County, MA",25005
20,70,4.55,Preschools,"Washington County, TX",48477
20,89,4.55,Preschools,"Gonzales County, TX",48177
20,95,4.55,Preschools,"Cooke County, TX",48097
20,108,4.55,Preschools,"Riverside County, CA",6065
20,32,4.58,Preschools,"Champaign County, OH",39021
20,34,4.58,Preschools,"Bath County, KY",21011
20,34,4.58,Preschools,"Jessamine County, KY",21113
20,35,4.58,Preschools,"Yadkin County, NC",37197
20,36,4.58,Preschools,"Cherokee County, SC",45021
20,41,4.58,Preschools,"McLean County, IL",17113
20,41,4.58,Preschools,"Morgan County, UT",49029
20,41,4.58,Preschools,"Union County, OH",39159
20,42,4.58,Preschools,"Marion County, OH",39101
20,42,4.58,Preschools,"Ray County, MO",29177
20,44,4.58,Preschools,"Washington County, NE",31177
20,48,4.58,Preschools,"Atchison County, KS",20005
20,50,4.58,Preschools,"Orange County, VA",51137
20,52,4.58,Preschools,"Dakota County, MN",27037
20,55,4.58,Preschools,"Jefferson County, KS",20087
20,57,4.58,Preschools,"Norfolk, VA",51710
20,60,4.58,Preschools,"Galveston County, TX",48167
20,60,4.58,Preschools,"Hamilton County, IN",18057
20,62,4.58,Preschools,"Kent County, RI",44003
20,67,4.58,Preschools,"Gwinnett County, GA",13135
20,72,4.58,Preschools,"Allegheny County, PA",42003
20,76,4.58,Preschools,"Duval County, FL",12031
20,80,4.58,Preschools,"Boone County, IN",18011
20,82,4.58,Preschools,"Kendall County, IL",17093
20,84,4.58,Preschools,"Grundy County, IL",17063
20,116,4.58,Preschools,"San Joaquin County, CA",6077
20,122,4.58,Preschools,"Madera County, CA",6039
20,138,4.58,Preschools,"Honolulu County, HI",15003
20,180,4.58,Preschools,"Hudson County, NJ",34017
20,27,4.6,Preschools,"Boyle County, KY",21021
20,33,4.6,Preschools,"St. Clair County, IL",17163
20,35,4.6,Preschools,"Calhoun County, IL",17013
20,35,4.6,Preschools,"Otoe County, NE",31131
20,37,4.6,Preschools,"Teller County, CO",8119
20,38,4.6,Preschools,"Cumberland County, NJ",34011
20,38,4.6,Preschools,"Grant County, IN",18053
20,39,4.6,Preschools,"Habersham County, GA",13137
20,39,4.6,Preschools,"Lebanon County, PA",42075
20,42,4.6,Preschools,"Charleston County, SC",45019
20,45,4.6,Preschools,"Brown County, OH",39015
20,48,4.6,Preschools,"Carroll County, MD",24013
20,48,4.6,Preschools,"Hood River County, OR",41027
20,51,4.6,Preschools,"Putnam County, FL",12107
20,65,4.6,Preschools,"San Jacinto County, TX",48407
20,67,4.6,Preschools,"Liberty County, TX",48291
20,67,4.6,Preschools,"Richmond County, NY",36085
20,77,4.6,Preschools,"Rains County, TX",48379
20,78,4.6,Preschools,"Clark County, WA",53011
20,79,4.6,Preschools,"Montgomery County, IN",18107
20,92,4.6,Preschools,"Wharton County, TX",48481
20,95,4.6,Preschools,"Miami-Dade County, FL",12086
20,97,4.6,Preschools,"Fairfax, VA",51600
20,184,4.6,Preschools,"Pinal County, AZ",4021
20,30,4.63,Preschools,"Northampton County, PA",42095
20,31,4.63,Preschools,"Stokes County, NC",37169
20,31,4.63,Preschools,"Waukesha County, WI",55133
20,33,4.63,Preschools,"Harrison County, KY",21097
20,36,4.63,Preschools,"Rowan County, NC",37159
20,37,4.63,Preschools,"Logan County, OH",39091
20,41,4.63,Preschools,"Montgomery County, PA",42091
20,45,4.63,Preschools,"Essex County, MA",25009
20,49,4.63,Preschools,"Baltimore County, MD",24005
20,54,4.63,Preschools,"Worcester County, MA",25027
20,57,4.63,Preschools,"McHenry County, IL",17111
20,63,4.63,Preschools,"Randolph County, IL",17157
20,66,4.63,Preschools,"Howard County, IN",18067
20,69,4.63,Preschools,"LaSalle County, IL",17099
20,74,4.63,Preschools,"Charles County, MD",24017
20,81,4.63,Preschools,"Manassas, VA",51683
20,81,4.63,Preschools,"Virginia Beach, VA",51810
20,84,4.63,Preschools,"Guadalupe County, TX",48187
20,89,4.63,Preschools,"Fort Bend County, TX",48157
20,90,4.63,Preschools,"Putnam County, IN",18133
20,171,4.63,Preschools,"Burnet County, TX",48053
20,30,4.65,Preschools,"Jasper County, IN",18073
20,32,4.65,Preschools,"Fayette County, KY",21067
20,32,4.65,Preschools,"Lincoln County, KY",21137
20,32,4.65,Preschools,"Scott County, KY",21209
20,33,4.65,Preschools,"Hardin County, OH",39065
20,34,4.65,Preschools,"Newton County, IN",18111
20,35,4.65,Preschools,"Franklin County, MA",25011
20,35,4.65,Preschools,"Hunterdon County, NJ",34019
20,36,4.65,Preschools,"Portage County, OH",39133
20,39,4.65,Preschools,"Boise County, ID",16015
20,39,4.65,Preschools,"Ford County, IL",17053
20,42,4.65,Preschools,"Fayette County, IN",18041
20,42,4.65,Preschools,"Scott County, IN",18143
20,44,4.65,Preschools,"Franklin County, OH",39049
20,49,4.65,Preschools,"Lewis County, TN",47101
20,50,4.65,Preschools,"Fannin County, GA",13111
20,50,4.65,Preschools,"Harrison County, IN",18061
20,52,4.65,Preschools,"Trumbull County, OH",39155
20,54,4.65,Preschools,"Anson County, NC",37007
20,54,4.65,Preschools,"Goochland County, VA",51075
20,59,4.65,Preschools,"Wilson County, TX",48493
20,61,4.65,Preschools,"Lewis County, WA",53041
20,65,4.65,Preschools,"Henrico County, VA",51087
20,67,4.65,Preschools,"Providence County, RI",44007
20,72,4.65,Preschools,"Alpine County, CA",6003
20,95,4.65,Preschools,"King County, WA",53033
20,95,4.65,Preschools,"Manassas Park, VA",51685
20,113,4.65,Preschools,"Broward County, FL",12011
20,131,4.65,Preschools,"District of Columbia, DC",11001
20,25,4.67,Preschools,"Rock County, WI",55105
20,33,4.67,Preschools,"Owen County, KY",21187
20,36,4.67,Preschools,"Cleveland County, NC",37045
20,38,4.67,Preschools,"Pottawattamie County, IA",19155
20,39,4.67,Preschools,"Robertson County, TN",47147
20,41,4.67,Preschools,"Hocking County, OH",39073
20,43,4.67,Preschools,"Saunders County, NE",31155
20,47,4.67,Preschools,"Mercer County, NJ",34021
20,48,4.67,Preschools,"Hall County, GA",13139
20,51,4.67,Preschools,"Baker County, FL",12003
20,51,4.67,Preschools,"Dane County, WI",55025
20,66,4.67,Preschools,"Cherokee County, GA",13057
20,73,4.67,Preschools,"Union County, NJ",34039
20,76,4.67,Preschools,"Nassau County, NY",36059
20,87,4.67,Preschools,"Monterey County, CA",6053
20,101,4.67,Preschools,"DuPage County, IL",17043
20,101,4.67,Preschools,"Marion County, IN",18097
20,104,4.67,Preschools,"Calaveras County, CA",6009
20,142,4.67,Preschools,"Milam County, TX",48331
20,34,4.7,Preschools,"Washington County, MO",29221
20,35,4.7,Preschools,"Monroe County, IL",17133
20,36,4.7,Preschools,"Powhatan County, VA",51145
20,37,4.7,Preschools,"Jefferson County, MO",29099
20,43,4.7,Preschools,"Johnston County, NC",37101
20,47,4.7,Preschools,"Knox County, OH",39083
20,48,4.7,Preschools,"Davidson County, TN",47037
20,50,4.7,Preschools,"Geauga County, OH",39055
20,50,4.7,Preschools,"Jefferson County, KY",21111
20,53,4.7,Preschools,"Cuyahoga County, OH",39035
20,54,4.7,Preschools,"Passaic County, NJ",34031
20,54,4.7,Preschools,"Sussex County, NJ",34037
20,55,4.7,Preschools,"Polk County, OR",41053
20,57,4.7,Preschools,"Pierce County, WA",53053
20,58,4.7,Preschools,"Clay County, FL",12019
20,59,4.7,Preschools,"Granville County, NC",37077
20,60,4.7,Preschools,"Richmond County, VA",51159
20,71,4.7,Preschools,"Kankakee County, IL",17091
20,75,4.7,Preschools,"Douglas County, NV",32005
20,75,4.7,Preschools,"Thurston County, WA",53067
20,77,4.7,Preschools,"Lake County, FL",12069
20,79,4.7,Preschools,"Larimer County, CO",8069
20,111,4.7,Preschools,"Tarrant County, TX",48439
20,115,4.7,Preschools,"Harris County, TX",48201
20,121,4.7,Preschools,"Hunt County, TX",48231
20,169,4.7,Preschools,"Solano County, CA",6095
20,180,4.7,Preschools,"Sacramento County, CA",6067
20,218,4.7,Preschools,"Williamson County, TX",48491
12,16,4.71,Preschools,"Jay County, IN",18075
20,30,4.72,Preschools,"Clark County, KY",21049
20,30,4.72,Preschools,"Estill County, KY",21065
20,30,4.72,Preschools,"Garrard County, KY",21079
20,30,4.72,Preschools,"Madison County, KY",21151
20,30,4.72,Preschools,"Montgomery County, KY",21173
20,30,4.72,Preschools,"Nicholas County, KY",21181
20,30,4.72,Preschools,"Powell County, KY",21197
20,33,4.72,Preschools,"Cheshire County, NH",33005
20,36,4.72,Preschools,"Carbon County, PA",42025
20,42,4.72,Preschools,"Barnstable County, MA",25001
20,45,4.72,Preschools,"Lancaster County, SC",45057
20,45,4.72,Preschools,"Sandoval County, NM",35043
20,47,4.72,Preschools,"Boone County, IL",17007
20,47,4.72,Preschools,"Kings County, CA",6031
20,48,4.72,Preschools,"Franklin County, NC",37069
20,48,4.72,Preschools,"Plymouth County, MA",25023
20,48,4.72,Preschools,"Salt Lake County, UT",49035
20,50,4.72,Preschools,"Bernalillo County, NM",35001
20,50,4.72,Preschools,"Valencia County, NM",35061
20,52,4.72,Preschools,"Queen Anne's County, MD",24035
20,52,4.72,Preschools,"Walker County, TX",48471
20,57,4.72,Preschools,"Atascosa County, TX",48013
20,65,4.72,Preschools,"Litchfield County, CT",9005
20,65,4.72,Preschools,"Montgomery County, TX",48339
20,67,4.72,Preschools,"San Luis Obispo County, CA",6079
20,71,4.72,Preschools,"Forsyth County, GA",13117
20,72,4.72,Preschools,"Carson City, NV",32510
20,73,4.72,Preschools,"Clinton County, IN",18023
20,75,4.72,Preschools,"Kane County, IL",17089
20,77,4.72,Preschools,"Clear Creek County, CO",8019
20,80,4.72,Preschools,"Shelby County, IA",19165
20,81,4.72,Preschools,"Bronx County, NY",36005
20,84,4.72,Preschools,"Fulton County, GA",13121
20,90,4.72,Preschools,"Island County, WA",53029
20,91,4.72,Preschools,"Lyon County, NV",32019
20,152,4.72,Preschools,"Hays County, TX",48209
20,188,4.72,Preschools,"Maricopa County, AZ",4013
20,329,4.72,Preschools,"Los Angeles County, CA",6037
8,11,4.75,Preschools,"Hancock County, OH",39063
8,11,4.75,Preschools,"Putnam County, OH",39137
20,31,4.75,Preschools,"Woodford County, KY",21239
20,34,4.75,Preschools,"Racine County, WI",55101
20,37,4.75,Preschools,"New Haven County, CT",9009
20,39,4.75,Preschools,"Lancaster County, PA",42071
20,42,4.75,Preschools,"New London County, CT",9011
20,42,4.75,Preschools,"Warren County, OH",39165
20,52,4.75,Preschools,"Cheatham County, TN",47021
20,53,4.75,Preschools,"King and Queen County, VA",51097
20,56,4.75,Preschools,"Will County, IL",17197
20,60,4.75,Preschools,"Durham County, NC",37063
20,60,4.75,Preschools,"Gordon County, GA",13129
20,70,4.75,Preschools,"Gilpin County, CO",8047
20,77,4.75,Preschools,"Rockland County, NY",36087
20,81,4.75,Preschools,"Austin County, TX",48015
20,81,4.75,Preschools,"St. Louis County, MO",29189
20,89,4.75,Preschools,"Alexandria, VA",51510
20,95,4.75,Preschools,"Howard County, MD",24027
20,97,4.75,Preschools,"San Benito County, CA",6069
20,132,4.75,Preschools,"Storey County, NV",32029
20,35,4.78,Preschools,"Greene County, IL",17061
20,45,4.78,Preschools,"Lenawee County, MI",26091
20,47,4.78,Preschools,"Berkeley County, SC",45015
20,48,4.78,Preschools,"Dickson County, TN",47043
20,50,4.78,Preschools,"Livingston County, MI",26093
20,60,4.78,Preschools,"Oakland County, MI",26125
20,62,4.78,Preschools,"Rush County, IN",18139
20,66,4.78,Preschools,"Seneca County, NY",36099
20,70,4.78,Preschools,"Gilmer County, GA",13123
20,82,4.78,Preschools,"St. Louis, MO",29510
20,89,4.78,Preschools,"Fannin County, TX",48147
20,97,4.78,Preschools,"Denver County, CO",8031
20,99,4.78,Preschools,"Cook County, IL",17031
20,105,4.78,Preschools,"Prince George's County, MD",24033
20,125,4.78,Preschools,"Multnomah County, OR",41051
20,131,4.78,Preschools,"Loudoun County, VA",51107
10,12,4.8,Preschools,"Tulare County, CA",6107
20,32,4.8,Preschools,"Mahoning County, OH",39099
20,37,4.8,Preschools,"Suffolk County, NY",36103
20,39,4.8,Preschools,"Kent County, MD",24029
20,40,4.8,Preschools,"Colleton County, SC",45029
20,42,4.8,Preschools,"Madison County, IN",18095
20,51,4.8,Preschools,"Camden County, NJ",34007
20,51,4.8,Preschools,"Cumberland County, VA",51049
20,51,4.8,Preschools,"St. Charles County, MO",29183
20,52,4.8,Preschools,"Wake County, NC",37183
20,53,4.8,Preschools,"Williamson County, TN",47187
20,54,4.8,Preschools,"Chambers County, TX",48071
20,54,4.8,Preschools,"Mecklenburg County, NC",37119
20,57,4.8,Preschools,"Westchester County, NY",36119
20,72,4.8,Preschools,"Santa Barbara County, CA",6083
20,75,4.8,Preschools,"Fairfax County, VA",51059
20,77,4.8,Preschools,"Stanislaus County, CA",6099
20,84,4.8,Preschools,"Montgomery County, MD",24031
20,89,4.8,Preschools,"Philadelphia County, PA",42101
20,100,4.8,Preschools,"Yolo County, CA",6113
20,102,4.8,Preschools,"Prince William County, VA",51153
20,128,4.8,Preschools,"Jefferson County, CO",8059
20,161,4.8,Preschools,"Amador County, CA",6005
20,243,4.8,Preschools,"San Mateo County, CA",6081
20,395,4.8,Preschools,"Orange County, CA",6059
20,36,4.83,Preschools,"Gem County, ID",16045
20,36,4.83,Preschools,"Whatcom County, WA",53073
20,37,4.83,Preschools,"Harrison County, IA",19085
20,40,4.83,Preschools,"Clinton County, OH",39027
20,40,4.83,Preschools,"Jersey County, IL",17083
20,44,4.83,Preschools,"Canyon County, ID",16027
20,45,4.83,Preschools,"Washtenaw County, MI",26161
20,57,4.83,Preschools,"Talbot County, MD",24041
20,61,4.83,Preschools,"Pinellas County, FL",12103
20,62,4.83,Preschools,"Hancock County, IN",18059
20,69,4.83,Preschools,"Bexar County, TX",48029
20,72,4.83,Preschools,"Anne Arundel County, MD",24003
20,76,4.83,Preschools,"Tillamook County, OR",41057
20,96,4.83,Preschools,"Waller County, TX",48473
20,112,4.83,Preschools,"Blanco County, TX",48031
20,129,4.83,Preschools,"Marion County, OR",41047
20,132,4.83,Preschools,"Collin County, TX",48085
20,141,4.83,Preschools,"Snohomish County, WA",53061
20,145,4.83,Preschools,"Ventura County, CA",6111
20,151,4.83,Preschools,"New York County, NY",36061
20,226,4.83,Preschools,"Santa Clara County, CA",6085
20,26,4.85,Preschools,"Blackford County, IN",18009
20,33,4.85,Preschools,"Columbiana County, OH",39029
20,34,4.85,Preschools,"Madison County, OH",39097
20,35,4.85,Preschools,"Walworth County, WI",55127
20,41,4.85,Preschools,"Dodge County, NE",31053
20,48,4.85,Preschools,"Louisa County, VA",51109
20,62,4.85,Preschools,"Lake County, IL",17097
20,65,4.85,Preschools,"Essex County, NJ",34013
20,66,4.85,Preschools,"Orange County, FL",12095
20,67,4.85,Preschools,"Bandera County, TX",48019
20,71,4.85,Preschools,"Nevada County, CA",6057
20,75,4.85,Preschools,"Middlesex County, NJ",34023
20,78,4.85,Preschools,"Arlington County, VA",51013
20,80,4.85,Preschools,"Norfolk County, MA",25021
20,108,4.85,Preschools,"Yuba County, CA",6115
20,119,4.85,Preschools,"Washington County, OR",41067
20,120,4.85,Preschools,"El Dorado County, CA",6017
20,132,4.85,Preschools,"Santa Cruz County, CA",6087
20,246,4.85,Preschools,"Travis County, TX",48453
20,33,4.88,Preschools,"Milwaukee County, WI",55079
20,57,4.88,Preschools,"Broomfield County, CO",8014
20,60,4.88,Preschools,"Morris County, NJ",34027
20,71,4.88,Preschools,"Kendall County, TX",48259
20,84,4.88,Preschools,"Sierra County, CA",6091
20,90,4.88,Preschools,"Boulder County, CO",8013
20,100,4.88,Preschools,"Bergen County, NJ",34003
20,102,4.88,Preschools,"Skamania County, WA",53059
20,106,4.88,Preschools,"Clackamas County, OR",41005
20,107,4.88,Preschools,"Sonoma County, CA",6097
20,133,4.88,Preschools,"Dallas County, TX",48113
20,341,4.88,Preschools,"Alameda County, CA",6001
20,421,4.88,Preschools,"San Diego County, CA",6073
20,38,4.9,Preschools,"Skagit County, WA",53057
20,40,4.9,Preschools,"Ada County, ID",16001
20,41,4.9,Preschools,"Payette County, ID",16075
20,54,4.9,Preschools,"Chatham County, NC",37037
20,58,4.9,Preschools,"Somerset County, NJ",34035
20,110,4.9,Preschools,"Placer County, CA",6061
20,112,4.9,Preschools,"Yamhill County, OR",41071
20,183,4.9,Preschools,"Marin County, CA",6041
20,299,4.9,Preschools,"Contra Costa County, CA",6013
6,10,4.92,Preschools,"Kauai County, HI",15007
6,14,4.92,Preschools,"Hawaii County, HI",15001
20,36,4.92,Preschools,"Fayette County, OH",39047
20,46,4.92,Preschools,"Hickman County, TN",47081
20,52,4.92,Preschools,"Comal County, TX",48091
20,61,4.92,Preschools,"Middlesex County, MA",25017
20,96,4.92,Preschools,"Suffolk County, MA",25025
20,124,4.92,Preschools,"Queens County, NY",36081
20,23,4.95,Preschools,"Jefferson County, WI",55055
20,40,4.95,Preschools,"Burlington County, NJ",34005
20,41,4.95,Preschools,"Highland County, OH",39071
20,54,4.95,Preschools,"DeKalb County, GA",13089
20,330,4.95,Preschools,"San Francisco County, CA",6075
20,44,4.97,Preschools,"Franklin County, MO",29071
20,59,4.97,Preschools,"Monmouth County, NJ",34025
20,113,4.97,Preschools,"Napa County, CA",6055
1,10,5,Preschools,"Graham County, AZ",4009
1,10,5,Preschools,"Grant County, NM",35017
1,10,5,Preschools,"Greenlee County, AZ",4011
1,10,5,Preschools,"Hidalgo County, NM",35023
20,26,5,Preschools,"Dodge County, WI",55027
20,37,5,Preschools,"San Juan County, WA",53055
20,102,5,Preschools,"Kings County, NY",36047
